domain,url,blocks,total_words,median_block,largest_block,largest_share
abreu.pt,https://www.abreu.pt/,28,672,14.0,164,0.244
apolonia.com,https://www.apolonia.com/en/,2,101,50.5,51,0.505
apolonia.com,https://www.apolonia.com/pt/catalogo/34029/lombo-porco-recheado-com-alheira-kg/,3,122,53,54,0.443
apolonia.com,https://www.apolonia.com/en/,2,101,50.5,51,0.505
apolonia.com,https://www.apolonia.com/pt/catalogo/mercearia/farinhas/farinha-para-pao/,3,238,94,97,0.408
apolonia.com,https://www.apolonia.com/en/catalogue/drinks-wine-cellar/wine/white-wine/foreign-white-wine/u-s-a/,5,240,47,82,0.342
bikeplanet.pt,https://www.bikeplanet.pt/,101,1150,6,182,0.158
bikeplanet.pt,https://www.bikeplanet.pt/products/scott-road-team-boa%C2%AE-copia,8,773,87.5,213,0.276
bikeplanet.pt,https://www.bikeplanet.pt/products/assos-mille-gts-s11-homem,8,1129,87.5,571,0.506
bikeplanet.pt,https://www.bikeplanet.pt/products/scott-supra,8,677,87.5,182,0.269
bikeplanet.pt,https://www.bikeplanet.pt/pages/equipa,7,583,86,182,0.312
bricomarche.pt,https://www.bricomarche.pt,30,2501,20.0,1049,0.419
bricomarche.pt,https://www.bricomarche.pt/escolher-loja/?next=/produto/pavimentos-e-revestimentos/pavimentos/safari-gris-30-3x61-3-1-3m2/,10,1756,18.0,1049,0.597
bricomarche.pt,https://www.bricomarche.pt/escolher-loja/?next=/produto/ferragens/quinquilharia-de-fixacao/parafuso-pux-5x50-aco-z-9u/,10,1756,18.0,1049,0.597
bricomarche.pt,https://www.bricomarche.pt/potencia-em-kw/45-w/,11,1766,16,1049,0.594
bricomarche.pt,https://www.bricomarche.pt/escolher-loja/?next=/produto/colas-fitas-adesivas-silicones-e-espumas/fitas-adesivas/pattex-power-tape-cinza-5m/,10,1756,18.0,1049,0.597
clausporto.com,https://www.clausporto.com/,5,331,13,211,0.637
clausporto.com,https://www.clausporto.com/en-pt/collections/fragrances,2,348,174.0,209,0.601
clausporto.com,https://www.clausporto.com/en-us/collections/home,2,358,179.0,207,0.578
clausporto.com,https://www.clausporto.com/en-us/collections/a-time-of-discovery,2,365,182.5,207,0.567
clausporto.com,https://www.clausporto.com/en-pt/collections/best-sellers,2,343,171.5,209,0.609
comur.com,https://portuguesesardine.com/,7,574,26,362,0.631
comur.com,https://portuguesesardine.com/es/collections/timeless-sardines,4,213,51.5,92,0.432
comur.com,https://portuguesesardine.com/es/products/sardinas-del-tiempo-1922,8,514,61.5,101,0.196
comur.com,https://portuguesesardine.com/es/products/sardinas-del-tiempo-1989,8,511,61.5,98,0.192
comur.com,https://portuguesesardine.com/es/products/sardinas-del-tiempo-1979,8,508,61.5,95,0.187
coviran.pt,https://www.coviran.pt/,14,226,18.0,32,0.142
coviran.pt,https://www.coviran.es/recetas/fricase-expres-de-pollo-asado,9,283,13,175,0.618
coviran.pt,https://www.coviran.es/blog/coviran-reafirma-su-apoyo-a-la-labor-de-las-ong-que-luchan-por-mejorar-la-vida-de-los-mas-vulnerables,12,818,8.5,704,0.861
coviran.pt,https://www.coviran.es/blog/coviran-reivindica-el-papel-de-las-empresas-familiares-en-la-creacion-de-empleo-y-riqueza,12,120,7.5,22,0.183
coviran.pt,https://www.coviran.es/blog/coviran-finaliza-el-mes-de-febrero-con-seis-aperturas-en-soria-zaragoza-granada-guipuzcoa-y-barcelona,12,130,8.5,22,0.169
custojusto.pt,https://www.custojusto.pt/,3,54,16,32,0.593
custojusto.pt,https://www.custojusto.pt/leiria/caldas-da-rainha/casa-vestuario/moveis-decoracao,91,596,4,76,0.128
custojusto.pt,https://www.custojusto.pt/acores/calheta-acores/casa-vestuario/electrodomesticos,97,885,4,79,0.089
custojusto.pt,https://www.custojusto.pt/loja/uniquecars/portugal,2,38,19.0,32,0.842
custojusto.pt,https://www.custojusto.pt/vila-real/mesao-frio/desporto-lazer/desporto,64,479,4.0,77,0.161
decenio.com,https://www.decenio.com/pt/,3,793,141,645,0.813
decenio.com,https://www.decenio.com/es/masculino/tejido-de-punto-tricot/camisa-polo-de-manga-corta_p128173.html,2,1788,894.0,1092,0.611
decenio.com,https://www.decenio.com/es/masculino/camisas/camisa_p116531.html,2,1763,881.5,1067,0.605
decenio.com,https://www.decenio.com/es/feminino/tejido-de-punto-tricot/sueter-de-cuello-en-v_p122132.html,2,1057,528.5,696,0.658
decenio.com,https://www.decenio.com/es/feminino/tejido-de-punto-tricot/sueter-de-lana_p123682.html,2,1562,781.0,866,0.554
delta-cafes.pt,https://deltacafes.com/,1,106,106,106,1.0
delta-cafes.pt,https://deltacoffeehouse.com/termos-e-condicoes-de-utilizacao-do-site/,3,1282,60,1204,0.939
delta-cafes.pt,https://deltacoffeehouse.com/cave/,4,410,104.0,184,0.449
delta-cafes.pt,https://deltacoffeehouse.com/politica-de-cookies/,3,985,60,907,0.921
delta-cafes.pt,https://deltacoffeehouse.com/cold-brew-guide/,13,304,18,78,0.257
druni.pt,https://www.druni.pt/,6,1510,36.5,843,0.558
druni.pt,https://www.druni.pt/marcas/magic-studio,7,1452,37,843,0.581
druni.pt,https://www.druni.pt/marcas/aqc-fragances,6,1415,36.5,843,0.596
druni.pt,https://www.druni.pt/marcas,6,7530,36.5,6599,0.876
druni.pt,https://www.druni.pt/marcas/pantene/largo-infinito,7,1457,40,843,0.579
edreams.pt,https://www.edreams.pt/,2,18,9.0,12,0.667
electrodepot.pt,https://www.brandshelter.com/registered/,4,396,46.5,293,0.74
electrodepot.pt,https://www.brandshelter.com/fr/blog/gerez-vos-certificats-ssl-avec-brandshelter/,4,1369,168.5,1015,0.741
electrodepot.pt,https://www.brandshelter.com/fr/surveillance-des-reseaux-sociaux/,7,815,65,366,0.449
electrodepot.pt,https://www.brandshelter.com/fr/category/actualites/,4,345,47.5,241,0.699
electrodepot.pt,https://www.brandshelter.com/fr/surveillance-de-la-marque/,6,997,152.5,418,0.419
esporao.com,https://esporao.com/pt,3,280,74,203,0.725
esporao.com,https://esporao.com/en/articles/among-the-vineyards-and-stories-at-herdade-do-esporao,2,909,454.5,830,0.913
esporao.com,https://esporao.com/en/wine/monte-velho-red/2022,4,642,42.0,556,0.866
esporao.com,https://esporao.com/pt/vinhos/defesa-do-esporao-tinto/2019,4,701,39.0,621,0.886
esporao.com,https://esporao.com/en/wine/lupulo/2023,4,267,41.5,183,0.685
flytap.com,https://www.flytap.com/pt-pt,11,568,22,369,0.65
flytap.com,https://www.flytap.com/pt-hu/gerir-reserva/extras/lugares,118,4483,18.0,396,0.088
flytap.com,https://www.flytap.com/en-st/information/special-needs/deaf,14,1076,28.0,314,0.292
flytap.com,https://www.flytap.com/pt-fr/miles-and-go/utilizar-milhas/doar-milhas,34,2068,57.0,329,0.159
flytap.com,https://www.flytap.com/pt-fr/ajuda/pedidos-reclamacoes/reclamacao,6,490,18.5,324,0.661
froiz.pt,https://www.froiz.pt/,25,387,6,120,0.31
froiz.pt,https://www.froiz.pt/novos-produtos-da-marca-froiz-mini-fuet-e-petiscos-de-chourico/,5,385,68,130,0.338
froiz.pt,https://www.froiz.pt/formacao-especializada-na-equipa-froiz/,5,327,68,120,0.367
froiz.pt,https://www.froiz.pt/os-supermercados-froiz-tem-mais-de-80-dos-funcionarios-com-contratos-sem-termo/,5,405,68,148,0.365
froiz.pt,https://www.froiz.pt/marca-froiz/,5,430,66,136,0.316
garrafeiranacional.com,https://www.garrafeiranacional.com/,32,1895,15.0,731,0.386
garrafeiranacional.com,https://www.garrafeiranacional.com/whisky/whisky-irlandes/redbreast-12-anos.html,31,1134,8,271,0.239
garrafeiranacional.com,https://www.garrafeiranacional.com/1956-madeira-barbeito-sercial.html,34,1183,7.0,271,0.229
garrafeiranacional.com,https://www.garrafeiranacional.com/romariz-santo-antonio-porto.html,33,1167,8,271,0.232
garrafeiranacional.com,https://www.garrafeiranacional.com/1880-madeira-malmsey-c-v-m.html,34,1255,7.0,271,0.216
geostar.pt,https://www.netviagens.pt/,45,3631,46,503,0.139
geostar.pt,https://www.netviagens.pt/voos-tunisia,7,720,21,352,0.489
geostar.pt,https://www.netviagens.pt/voos-hotel-vilnius,8,1065,17.5,405,0.38
geostar.pt,https://www.netviagens.pt/voos-brasilia,7,719,21,352,0.49
geostar.pt,https://www.netviagens.pt/voos-praga,8,789,44.0,352,0.446
globaldata.pt,https://www.globaldata.pt/,9,11724,17,10809,0.922
globaldata.pt,https://www.globaldata.pt/maquina-de-cafe-expresso-cecotec-vintage-20-tradizionale-amarela-claro/01629.html,9,11392,37,10813,0.949
globaldata.pt,https://www.globaldata.pt/scanner-de-mesa-iris-iriscan-desk-6-pro-dyslexic-a3/462992.html,4,11152,161.0,10818,0.97
globaldata.pt,https://www.globaldata.pt/cadeado-ewent-anti-roubo-c-cdigo-1.50-m-preto/EW1243.html,4,11154,164.5,10813,0.969
globaldata.pt,https://www.globaldata.pt/mochila-ewent-ew2528-urban-notebook-backpack-17.3-preta/EW2528.html,4,11099,135.0,10817,0.975
grahams-port.com,https://www.grahams-port.com/,1,121,121,121,1.0
lanidor.com,https://www.lanidor.com/,3,745,233,281,0.377
lanidor.com,https://www.lanidor.com/pt/mulher/coleccao/camisas%20e%20t%c3%banicas/lst/c/49,3,617,231,233,0.378
lanidor.com,https://www.lanidor.com/pt/mulher/coleccao/bijuteria/lst/c/17,3,617,231,233,0.378
lanidor.com,https://www.lanidor.com/pt/mulher/t-shirt-decote-v-e-pormenor-nas-mangas/prd/301104,9,893,53,233,0.261
lanidor.com,https://www.lanidor.com/pt/menino/coleccao/casacos/lst/c/1,3,617,231,233,0.378
laskasas.com,https://www.laskasas.com/pt/,7,2468,36,1191,0.483
laskasas.com,https://www.laskasas.com/en/,4,2231,570.0,1067,0.478
laskasas.com,https://www.laskasas.com/en/sofas/edward-chaise-longue-sofa_p364571.html,2,3179,1589.5,1804,0.567
laskasas.com,https://www.laskasas.com/en/,4,2231,570.0,1067,0.478
laskasas.com,https://www.laskasas.com/fr/ottomans-et-pouffes/pouf-eddy_p3333.html,2,1374,687.0,1153,0.839
leyaonline.com,https://leyaonline.com/pt/,8,85,10.0,15,0.176
lidl.pt,https://www.lidl.pt/,5,886,174,303,0.342
lidl.pt,https://www.lidl.pt/s/pt-PT/pesquisa-de-loja/mozelos/rua-de-meladas/,5,597,110,235,0.394
lidl.pt,https://www.lidl.pt/s/pt-PT/pesquisa-de-loja/felgueiras/rua-professor-joaquim-barros-leite-1/,5,557,110,222,0.399
lidl.pt,https://www.lidl.pt/s/pt-PT/pesquisa-de-loja/amadora/rua-joao-de-deus-5/,5,566,110,218,0.385
lidl.pt,https://www.lidl.pt/s/pt-PT/pesquisa-de-loja/vizela/rua-guilherme-caldas-peixoto-1/,5,559,110,225,0.403
maxmat.pt,https://www.maxmat.pt/pt/,2,2834,1417.0,2712,0.957
maxmat.pt,https://www.maxmat.pt/pt/ceys/fita-seladora-cozinhas-e-banhos-22mm-x-3.35m_p9634.html,2,3134,1567.0,2510,0.801
maxmat.pt,https://www.maxmat.pt/pt/ceys/silicone-stop-mofo-transparente-50ml_p9639.html,2,3154,1577.0,2510,0.796
maxmat.pt,https://www.maxmat.pt/pt/wd-40/lubrificante-de-silicone-spray-250-ml-3-en-uno_p9907.html,2,3168,1584.0,2510,0.792
maxmat.pt,https://www.maxmat.pt/pt/fixart/parafuso-aglomerado-cabeca-embeber-pz-35x20_p15004.html,2,3168,1584.0,2510,0.792
mediamarkt.pt,https://darty.pt/,57,987,8,268,0.272
mediamarkt.pt,https://darty.pt/products/macbook-pro-16-ecra-de-nanotextura-2026-m5-max-18-core-36gb-4tb-ssd-gpu-32-core-preto-sideral-2200028111582,3,1251,464,519,0.415
mediamarkt.pt,https://darty.pt/products/extensao-eletrica-hama-2-usb-a-1-9m-branco,3,498,129,268,0.538
mediamarkt.pt,https://darty.pt/products/aspirador-robot-dreame-d20-pro-plus-preto-6978515255595,3,1342,496,578,0.431
mediamarkt.pt,https://darty.pt/products/impressora-multifuncoes-canon-pixma-tr4650-jato-tinta-cores-wifi,3,1272,464,540,0.425
meo.pt,https://www.meo.pt/,11,654,52,168,0.257
meo.pt,https://www.meo.pt/servicos/smart-living/paineis-solares,9,1448,75,794,0.548
meo.pt,https://www.meo.pt/empresas/newsletter-subscrever,6,401,29.0,266,0.663
meo.pt,https://www.meo.pt/empresas/solucoes/produtividade/microsoft-365-outras-aplicacoes,24,3706,111.5,643,0.174
meo.pt,https://www.meo.pt/ajuda-e-suporte/produtos-meo/campanhas/campanha-retoma,4,98,18.5,57,0.582
meusuper.pt,https://www.continente.pt,46,9960,3.0,9623,0.966
meusuper.pt,https://www.continente.pt/produto/os-mauzoes---episodio-9-o-grande-lobo-mau-de-aaron-blabey-aaron-blabey-8003681.html,4,10028,176.5,9637,0.961
meusuper.pt,https://www.continente.pt/,46,9960,3.0,9623,0.966
meusuper.pt,https://www.continente.pt/produto/hasbro-gaming---jogo-battleship-grab-go-hasbro-gaming-8033304.html,4,10009,167.5,9636,0.963
meusuper.pt,https://www.continente.pt/produto/bluey---tudo-sobre-a-bingo-varios-autores-7847121.html,4,9940,132.5,9637,0.97
mo-online.com,https://mo-online.com/pt/home/,4,2662,36.0,2587,0.972
mo-online.com,https://mo-online.com/pt/calcado-e-acessorios/calcado-e-acessorios/bebe/,2,2693,1346.5,2672,0.992
mo-online.com,https://mo-online.com/pt/crianca/menina/pijamas/pantufas-chinelos/,2,2998,1499.0,2977,0.993
mo-online.com,https://mo-online.com/pt/home/,4,2662,36.0,2587,0.972
mo-online.com,https://mo-online.com/pt/mulher/roupa-acessorios/vestidos-macacoes/,3,2824,65,2738,0.97
niepoort-vinhos.com,https://www.niepoort.pt/,2,227,113.5,124,0.546
niepoort-vinhos.com,https://www.niepoort.pt/vinhos/internacional/terre-nere-etna-rosso-c-sottana-2018-0.75,2,227,113.5,124,0.546
niepoort-vinhos.com,https://www.niepoort.pt/vinhos/mais-do-que-vinho/t-shirt-natcool-ivory,2,227,113.5,124,0.546
niepoort-vinhos.com,https://www.niepoort.pt/vinhos/austria/dd-spitzerberg-2012-0.75,2,227,113.5,124,0.546
niepoort-vinhos.com,https://www.niepoort.pt/vinhos/bairrada/vv-vinhas-velhas-2020-0.75,2,227,113.5,124,0.546
nortravel.pt,https://www.nortravel.pt/,12,6971,6.0,6872,0.986
parfois.com,https://www.parfois.com/es/es/pendientes-acero-inoxidable/pendientes-dobles---acero-inoxidable/247875_GD.html,6,1269,207.0,441,0.348
parfois.com,https://www.parfois.com/es/es/pendientes-acero-inoxidable/aros-efecto-doble-con-cristales---acero-inoxidable/248029_GD.html,6,1272,207.0,444,0.349
parfois.com,https://www.parfois.com/es/es/ropa/camisas/camisa-cuello-mao-a-rayas/245679_CA.html,9,1310,7,467,0.356
parfois.com,https://www.parfois.com/es/es/pendientes-plata-925/pendientes-efecto-triple-bano-de-oro-18k---plata-de-ley-925/247219_BL.html,6,1276,207.0,448,0.351
phonehouse.pt,https://phonehouse.pt/,42,2459,51.0,266,0.108
phonehouse.pt,https://phonehouse.pt/jorge-campos-unique-style-personal-life-career-overview/,27,2738,93,337,0.123
phonehouse.pt,https://phonehouse.pt/oswaldo-s%C3%A1nchez-international-career-key-matches-international-legacy/,2,77,38.5,64,0.831
phonehouse.pt,https://phonehouse.pt/ra%C3%BAl-jim%C3%A9nez-international-career-highlights-key-goals-international-impact/,2,77,38.5,64,0.831
phonehouse.pt,https://phonehouse.pt/pavel-pardo-biography-highlights-key-matches-personal-anecdotes/,35,3434,92,375,0.109
portoeditora.pt,https://www.portoeditora.pt/,23,1944,19,900,0.463
salsajeans.com,https://www.salsajeans.com/pt/,5,376,43,142,0.378
salsajeans.com,https://www.salsajeans.com/es/hombre/camisetas/t-shirt-con-branding_p87585.html,2,2577,1288.5,2460,0.955
salsajeans.com,https://www.salsajeans.com/es/mujer/sueters-camisetas/camiseta-texturada-con-flores_p101439.html,2,2587,1293.5,2470,0.955
salsajeans.com,https://www.salsajeans.com/es/mujer/vaqueros-y-pantalones/por-fit/barrel_1019-204.html,7,673,53,232,0.345
salsajeans.com,https://www.salsajeans.com/es/hombre/vaqueros-y-pantalones/vaqueros-slim-fit_p99851.html,2,2638,1319.0,2521,0.956
sandeman.com,https://www.sandeman.com/,6,125,20.5,27,0.216
sandeman.com,https://www.sandeman.com/news/places/,4,56,17.0,20,0.357
sandeman.com,https://www.sandeman.com/news/sandeman-announces-partnership-with-the-european-bartender-school/,3,724,20,686,0.948
sandeman.com,https://www.sandeman.com/port-wine/tawny/porto-tawny-40-year-old/awards/,3,2104,20,2066,0.982
sandeman.com,https://www.sandeman.com/news/places/sandeman-is-reopening-its-wine-tourism-venues/,3,366,20,328,0.896
skinlife.pt,https://skinlife.pt/pt/,6,875,42.0,682,0.779
skinlife.pt,https://skinlife.pt/en/aesop/sculpt-hair-polish,7,992,38,626,0.631
skinlife.pt,https://skinlife.pt/en/acqua-di-parma/colonia-essenza-eau-de-cologne,2,789,394.5,625,0.792
skinlife.pt,https://skinlife.pt/en/coola/body-spray-spf-50-fragance-free,4,973,170.5,628,0.645
skinlife.pt,https://skinlife.pt/en/by-terry/crayon-a-levres-terrybly-12gr,2,734,367.0,625,0.851
standvirtual.com,https://www.standvirtual.com/,26,386,10.0,42,0.109
standvirtual.com,https://www.standvirtual.com/carros/condeixaanova,83,2011,15,131,0.065
standvirtual.com,https://www.standvirtual.com/carros/alfragide,82,1901,15.5,131,0.069
standvirtual.com,https://www.standvirtual.com/carros/vilanovadegaia,83,1822,15,101,0.055
standvirtual.com,https://www.standvirtual.com/carros/isuzu,47,1056,25,57,0.054
staples.pt,https://www.staples.pt/pt/pt,15,329,4,178,0.541
staples.pt,https://www.staples.pt/pt/pt/bloco-de-notas-a4-80-folhas-60-g-m-pautado-792116,3,217,21,176,0.811
staples.pt,https://www.staples.pt/pt/pt/artexport-estante-media-picasso-90035-94662,3,217,21,176,0.811
staples.pt,https://www.staples.pt/pt/pt/bic-esferografica-cristal-re-new-ponta-media-de-1-mm-corpo-em-metal-matte-tinta-azul-com-2-recargas-de-tinta-675927,3,217,21,176,0.811
staples.pt,https://www.staples.pt/pt/pt/energizer-carregador-internacional-de-parede-a20muwh-universal-20-w-multiplug-com-cabo-usb-c-branco-783543,3,217,21,176,0.811
tiffosi.com,https://www.tiffosi.com/pt/,4,331,73.5,177,0.535
tiffosi.com,https://www.tiffosi.com/pt/calcas/calaas-baggy-fit-pretas_p559409.html,3,691,236,285,0.412
tiffosi.com,https://www.tiffosi.com/pt/acessorios/perfume-azul-masculino_p556160.html,3,685,230,285,0.416
tiffosi.com,https://www.tiffosi.com/es/camisetas-y-sudaderas/polo-manga-larga-cru_p561511.html,3,669,188,308,0.46
tiffosi.com,https://www.tiffosi.com/en/company_255.html,1,250,250,250,1.0
uniplaces.com,https://www.uniplaces.com/,3,231,73,86,0.372
uniplaces.com,https://www.uniplaces.com/es/d/milan/habitaciones-estudiantes-lambrate,12,663,4.0,387,0.584
uniplaces.com,https://www.uniplaces.com/d/barcelona/rent-rooms-poblenou,12,408,4.0,184,0.451
uniplaces.com,https://www.uniplaces.com/fr/d/lisbon/logement-etudiant-intendente,13,386,6,185,0.479
uniplaces.com,https://www.uniplaces.com/es/d/milan/alojamiento-universidad-politecnica-campus-leonardo,12,628,4.0,350,0.557
vinha.pt,https://www.vinha.pt/,22,1028,7.0,565,0.55
vinha.pt,https://www.vinha.pt/produtor_vinho/garantia-das-quintas-sociedade-agricola-e-comercial-lda/,12,633,3.0,565,0.893
vinha.pt,https://www.vinha.pt/produtor_vinho/il-marroneto/,5,613,16,565,0.922
vinha.pt,https://www.vinha.pt/produtor_vinho/evidencia/,4,610,18.0,565,0.926
vinha.pt,https://www.vinha.pt/produtor_vinho/aphros-wines/,14,637,3.0,565,0.887
vinted.pt,https://www.vinted.pt/,5,351,79,134,0.382
vinted.pt,https://www.vinted.pt/brand/43151-georges,2,943,471.5,928,0.984
vinted.pt,https://www.vinted.pt/brand/12523-ilario-ferucci,2,896,448.0,881,0.983
vinted.pt,https://www.vinted.pt/brand/1833-perlato,2,783,391.5,768,0.981
vinted.pt,https://www.vinted.pt/brand/10453-friponne,2,974,487.0,959,0.985
wells.pt,https://wells.pt/,53,18084,6,17412,0.963
wells.pt,https://wells.pt/otica/oculos-de-sol/marcas-exclusivas-oculos-de-sol,9,17555,16,17389,0.991
wells.pt,https://wells.pt/marcas/b/beauty-list,9,17581,16,17389,0.989
wells.pt,https://wells.pt/ortopedia/suplementos-alimentares,9,17701,16,17389,0.982
wells.pt,https://wells.pt/marcas/t/thierry-mugler/angel,9,17511,16,17389,0.993
wetheknot.com,https://www.wetheknot.com/,3,225,44,167,0.742
wetheknot.com,https://www.wetheknot.com/product/cargo-shorts,11,1635,146,214,0.131
wetheknot.com,https://www.wetheknot.com/product/tapered-leg-jeans,11,1668,146,214,0.128
wetheknot.com,https://www.wetheknot.com/product/daily-crew-socks-olivegreen,11,1637,146,214,0.131
wetheknot.com,https://www.wetheknot.com/product/essential-sweatshirt-black,11,1659,146,214,0.129
zippy.pt,https://zippyonline.com/,4,319,96.5,117,0.367
zippy.pt,https://zippyonline.com/es/products/pack-2-leotardos-lisos-para-bebe-nina-gris-azul,5,1761,111,1427,0.81
zippy.pt,https://zippyonline.com/pt/products/t-shirt-de-algodao-com-estampado-de-formas-para-menino-amarelo,5,2155,125,1642,0.762
zippy.pt,https://zippyonline.com/pt/products/manta-de-flanela-brilha-no-escuro-do-art-70x90-cm-azul,5,1950,126,1539,0.789
zippy.pt,https://zippyonline.com/es/products/doudou-chicco-1,5,1755,105,1427,0.813
alojadacerveja.com,https://alojadacerveja.com/,22,1914,46.5,494,0.258
alojadacerveja.com,https://alojadacerveja.com/products/weiherer-fat-head-s-imperial-ipa,10,1548,39.0,920,0.594
alojadacerveja.com,https://alojadacerveja.com/products/copo-schlenkerla,10,1496,39.0,920,0.615
amalsoap.com,https://amalsoap.com/,7,590,10,436,0.739
amalsoap.com,https://amalsoap.com/en/collections/edicao-especial-2025,7,295,9,160,0.542
amalsoap.com,https://amalsoap.com/products/prato-de-pao-nesta-casa-ha-lugar-para-todos-by-semear,8,604,29.0,414,0.685
amalsoap.com,https://amalsoap.com/products/sabonete-de-lavanda,10,440,9.0,244,0.555
amalsoap.com,https://amalsoap.com/products/saboneteira-de-pano-reuse-by-ajuda-de-mae,8,295,29.0,105,0.356
babynest.pt,https://www.babynest.pt/,36,2465,12.0,415,0.168
babynest.pt,https://www.babynest.pt/es/products/lencol-de-berco-bebe-em-musselina-white,10,786,84.5,137,0.174
bbdonna.com,https://www.bbdonna.com/,20,782,17.5,186,0.238
bbdonna.com,https://www.bbdonna.com/collections/mais-vendidos,14,561,16.0,284,0.506
bbdonna.com,https://www.bbdonna.com/products/cueca-classica-biquini-corte-a-laser,11,310,20,62,0.2
bellagoma.pt,https://bellagoma.pt/,7,509,60,158,0.31
bellagoma.pt,https://bellagoma.pt/products/linha-juliet,7,1041,60,567,0.545
bellagoma.pt,https://bellagoma.pt/blogs/noticias/a-casa-e-muito-mais-do-que-um-lugar-para-viver,9,352,30,90,0.256
bellagoma.pt,https://bellagoma.pt/pages/as-suas-opcoes-de-privacidade,18,991,41.5,272,0.274
bohastore.pt,https://www.bohastore.pt/,9,622,32,205,0.33
bohastore.pt,https://www.bohastore.pt/products/jeans-baggy-margaux,4,437,114.0,170,0.389
canemar.pt,https://canemar.pt/,20,1152,15.0,370,0.321
canemar.pt,https://canemar.pt/products/bone-para-crianca-com-nome-bordado,11,1238,55,705,0.569
canemar.pt,https://canemar.pt/products/bordado-esqueletos-dancantes,6,963,70.5,689,0.715
canemar.pt,https://canemar.pt/collections/bone-adulto-personalizado,11,884,15,686,0.776
canemar.pt,https://canemar.pt/products/pano-de-natal,5,845,55,693,0.82
carisma-store.com,https://www.carisma-store.com/,39,679,4,300,0.442
carisma-store.com,https://www.carisma-store.com/collections/boxers,19,933,8,396,0.424
carisma-store.com,https://cdn.shopify.com/s/files/1/0970/0537/1741/files/SH9809_CCA_20.avif?v=1786705036,1,9672,9672,9672,1.0
combatsports.store,https://www.combatsports.store/,197,3739,1,1680,0.449
combatsports.store,https://www.combatsports.store/en/products/plastrons-potencia-boxe-kickboxing-muay-thai-deranged,110,2716,1.0,1463,0.539
combatsports.store,https://www.combatsports.store/products/luvas-buddha-army-bl,110,3079,1.0,1680,0.546
combatsports.store,https://www.combatsports.store/en/products/coquillha-de-crianca,110,2652,1.0,1463,0.552
combatsports.store,https://www.combatsports.store/en/products/caneleiras-kickboxing-muay-thai-deranged-matrix_brancas,110,2681,1.0,1463,0.546
creat4you.com,https://creat4you.com/,17,570,12,200,0.351
creat4you.com,https://creat4you.com/products/t-shirt-professora%F0%9F%91%A9%E2%80%8D%F0%9F%8E%93cafe,11,328,11,145,0.442
creat4you.com,https://creat4you.com/en/products/moldura-adoro-te,14,514,13.5,189,0.368
creat4you.com,https://creat4you.com/products/tapete-de-rato-gorro-natal-copia-1,11,384,11,201,0.523
creat4you.com,https://creat4you.com/en/collections/dia-dos-namorados,15,748,13,358,0.479
cruwines.pt,https://www.cruwines.pt/pt-pt,19,1226,11,551,0.449
cruwines.pt,https://www.cruwines.pt/pt-pt/products/quinta-nova-rose-2024,14,1583,52.0,551,0.348
cruwines.pt,https://www.cruwines.pt/pt-pt/collections/vinhos-rose,10,595,26.5,216,0.363
cruwines.pt,https://www.cruwines.pt/pt-pt/products/cepa-cortica-branco,12,733,50.5,216,0.295
cruwines.pt,https://www.cruwines.pt/pt-pt/collections/vinhos-para-oferecer,16,1424,39.5,551,0.387
cucawik.com,https://cucawik.com/,34,1494,12.0,485,0.325
cucawik.com,https://cucawik.com/products/caderno-argolas-a5-com-letra-ganga-a,23,1834,23,505,0.275
cucawik.com,https://cucawik.com/es/products/caneca-com-frase-uso-exclusivo-da-melhor-neta-do-mundo-cucawik,15,1536,41,501,0.326
cucawik.com,https://cucawik.com/products/copo,23,1784,25,505,0.283
cucawik.com,https://cucawik.com/es/products/postal-de-aniversario-com-flores-margaridas-muitos-parabens-cucawik,24,1585,28.0,501,0.316
cutxicutxi.com,https://cutxicutxi.com/,19,724,13,197,0.272
cutxicutxi.com,https://cutxicutxi.com/collections/mae,6,452,21.0,197,0.436
cutxicutxi.com,https://cutxicutxi.com/collections/express,5,437,25,197,0.451
cutxicutxi.com,https://cutxicutxi.com/en/collections/acabou-de-nascer,5,372,24,167,0.449
estampesuaart.com,https://estampesuaart.com/,30,1554,13.5,249,0.16
estampesuaart.com,https://estampesuaart.com/en/collections/imanes,14,1118,13.0,380,0.34
estampesuaart.com,https://estampesuaart.com/en/collections/bebe,16,1251,48.0,358,0.286
estampesuaart.com,https://estampesuaart.com/products/caneca-exclusiva-da-madrinha-tons-de-rosa,18,1068,41.5,249,0.233
estampesuaart.com,https://estampesuaart.com/en/collections/para-os-padrinhos,19,1514,14,403,0.266
fitfiu.pt,https://fitfiu.pt/,3,476,169,200,0.42
fitfiu.pt,https://fitfiu.pt/products/tapa-fraldas-com-camisola-de-malha-flores-e-laco-perola,3,340,107,129,0.379
fitfiu.pt,https://fitfiu.pt/products/fralda-algodao-bordado-ingles,3,327,107,129,0.394
fitfiu.pt,https://fitfiu.pt/products/calcoes-com-camisola-de-malha-xadrez-azul,3,338,107,129,0.382
fitfiu.pt,https://fitfiu.pt/products/body-com-gola-de-folho-manga-curta,4,505,129.0,140,0.277
garrafeirabaco.pt,https://garrafeirabaco.pt/,5,151,16,95,0.629
garrafeirabaco.pt,https://garrafeirabaco.pt/products/vinho-rose-monte-da-peceguina,6,363,23.5,204,0.562
garrafeirabaco.pt,https://garrafeirabaco.pt/products/papa-figos-tinto-75-cl,6,547,23.5,388,0.709
garrafeirabaco.pt,https://garrafeirabaco.pt/products/vinho-branco-discordia-reserva,6,355,23.5,197,0.555
garrafeirabaco.pt,https://garrafeirabaco.pt/products/quinta-do-monte-doiro-touriga-nacional-2015-75-cl,6,439,23.5,275,0.626
geocakes.com,https://geocakes.com/pt-pt,23,470,1,191,0.406
geocakes.com,https://geocakes.com/pt-es/products/copia-de-doce-extra-biologico-de-abobora,26,1323,39.0,191,0.144
geocakes.com,https://geocakes.com/es-eu/products/earth-water-500ml,22,1598,73.0,199,0.125
geocakes.com,https://geocakes.com/es-eu/products/doce-extra-biologico-de-mirtilo-zero,23,1327,55,199,0.15
geocakes.com,https://geocakes.com/pt-es/products/pao-de-lo-humido-de-chocolate-e-menta,14,799,38.0,191,0.239
gouveiaspublicidade.pt,https://gouveiaspublicidade.pt/,14,657,25.5,214,0.326
gouveiaspublicidade.pt,https://gouveiaspublicidade.pt/products/roll-up,4,157,35.5,78,0.497
gouveiaspublicidade.pt,https://gouveiaspublicidade.pt/collections/etiquetas-escolares-kits-personalizados,7,193,19,78,0.404
gouveiaspublicidade.pt,https://gouveiaspublicidade.pt/blogs/noticias,3,132,48,78,0.591
gouveiaspublicidade.pt,https://gouveiaspublicidade.pt/collections/dia-da-mae,7,233,20,78,0.335
green2you.pt,https://green2you.pt/,17,2055,12,757,0.368
green2you.pt,https://green2you.pt/es/collections/utilitarios-refeicao,6,1656,204.0,757,0.457
green2you.pt,https://green2you.pt/en/collections/oportunidades,6,1954,313.5,709,0.363
green2you.pt,https://green2you.pt/en/collections/frutos-secos,6,1530,180.0,709,0.463
green2you.pt,https://green2you.pt/en/collections/cereais-pequeno-almoco,6,1608,219.0,709,0.441
haemiskin.pt,https://www.haemiskin.pt/,31,881,5,269,0.305
haemiskin.pt,https://www.haemiskin.pt/products/marine-care-deep-moisture-nourishing-melting-cream,14,1145,43.5,269,0.235
haemiskin.pt,https://www.haemiskin.pt/products/medicube-zero-pore-pad-2-0-70pcs,14,1243,51.0,269,0.216
haemiskin.pt,https://www.haemiskin.pt/products/advanced-snail-92-all-in-one-cream,14,1191,47.5,269,0.226
haemiskin.pt,https://www.haemiskin.pt/collections/best-sellers,24,1695,26.5,275,0.162
jarilo.eu,https://jarilo.eu/,35,1650,30,360,0.218
jarilo.eu,https://jarilo.eu/en/products/flores-aqua-dos-acores-eau-de-parfum,18,563,14.5,115,0.204
jarilo.eu,https://jarilo.eu/products/vela-aromatica-artesanal-scion-vela-neutra-250gr-jarilo,16,641,17.5,107,0.167
jarilo.eu,https://jarilo.eu/en/collections/velas-neutras,17,502,14,81,0.161
jarilo.eu,https://jarilo.eu/products/pack-especial-de-6-mini-velas-acquaviva-notas-de-cha-6x15gr-jarilo,16,608,17.5,107,0.176
lojadadiana.pt,https://lojadadiana.pt/,25,2653,44,802,0.302
lojadadiana.pt,https://lojadadiana.pt/products/jogo-de-banho-personalizado-com-uma-inicial-computador-bordada-exclusivo,8,568,33.5,272,0.479
lojadadiana.pt,https://lojadadiana.pt/products/almofada-em-veludo-bordada-com-iniciais,7,418,33,272,0.651
lojadadiana.pt,https://lojadadiana.pt/collections/novidades,11,3484,18,1380,0.396
lojadadiana.pt,https://lojadadiana.pt/products/camisola-rendada-greta-122-manga-comprida-para-mulher,7,391,18,272,0.696
magnetikco.com,https://magnetikco.com/,22,856,23.0,156,0.182
magnetikco.com,https://magnetikco.com/products/marcador-de-mesa,9,490,49,97,0.198
magnetikco.com,https://magnetikco.com/collections/para-empresas,8,342,36.0,95,0.278
magnetikco.com,https://magnetikco.com/blogs/novidades,5,287,53,95,0.331
magnetikco.com,https://magnetikco.com/collections/para-ti,8,440,51.0,121,0.275
marshmallow-concept.com,https://marshmallow-concept.com/,13,374,20,92,0.246
marshmallow-concept.com,https://marshmallow-concept.com/es/products/gel-ink-pen-set-heart-design-4-pack,13,459,22,96,0.209
marshmallow-concept.com,https://marshmallow-concept.com/pt/products/sleeve-power-block-pink,14,439,22.0,95,0.216
marshmallow-concept.com,https://marshmallow-concept.com/products/pencilcase-sassy-pink,13,436,20,92,0.211
marshmallow-concept.com,https://marshmallow-concept.com/products/trolley-stardust,13,445,20,92,0.207
meiotesocks.com,https://meiotesocks.com/,18,288,3.0,167,0.58
meiotesocks.com,https://meiotesocks.com/es/products/calcetines-set-up-your-game,4,232,66.0,89,0.384
meiotesocks.com,https://meiotesocks.com/es/products/calcetines-bela-merda,4,279,72.0,124,0.444
meiotesocks.com,https://meiotesocks.com/en/pages/solicitar-livre-resolucao,3,258,65,183,0.709
meiotesocks.com,https://meiotesocks.com/products/meias-sheep-count-on-me,3,224,69,145,0.647
memoriasquesebebem.com,https://www.memoriasquesebebem.com/,9,277,15,86,0.31
memoriasquesebebem.com,https://www.memoriasquesebebem.com/collections/vinho-personalizado-com-nome,28,921,5.0,492,0.534
memoriasquesebebem.com,https://www.memoriasquesebebem.com/products/sem-titulo-31-08_10-01,4,341,75.5,153,0.449
memoriasquesebebem.com,https://www.memoriasquesebebem.com/products/melhor-pai-do-mundo,4,329,75.5,141,0.429
memoriasquesebebem.com,https://www.memoriasquesebebem.com/products/vinho-personalizado-com-signo-leao,4,381,75.5,193,0.507
mybabybox.pt,https://mybabybox.pt/,11,1173,91,243,0.207
mybabybox.pt,https://mybabybox.pt/es/collections/bloom,18,1422,29.5,258,0.181
mybabybox.pt,https://mybabybox.pt/es/products/swaddle-check-green,14,1783,55.5,514,0.288
mybabybox.pt,https://mybabybox.pt/es/collections/baby-box,29,1721,8,449,0.261
mybabybox.pt,https://mybabybox.pt/es/collections/3-6-meses,26,1637,9.0,390,0.238
pituka.pt,https://www.pituka.pt/,15,2168,18,1174,0.542
pituka.pt,https://www.pituka.pt/es/products/botas-barefoot-manila-blanditos-by-crios,4,2144,441.0,1185,0.553
pituka.pt,https://www.pituka.pt/es/products/tenis-barefoot-pele-igor,4,2435,587.5,1183,0.486
pituka.pt,https://www.pituka.pt/es/products/tenis-cometa-camuflagem-victoria,4,2041,415.0,1182,0.579
pituka.pt,https://www.pituka.pt/es/products/sandalia-barefoot-viento-blandito-by-crio-s,4,2160,449.5,1184,0.548
pura-ecoconcept.pt,https://pura-ecoconcept.pt/,29,845,14,145,0.172
pura-ecoconcept.pt,https://pura-ecoconcept.pt/products/queimador-de-incenso-ondas,14,722,25.5,165,0.229
pura-ecoconcept.pt,https://pura-ecoconcept.pt/collections/queimador-de-pau-santo,12,318,13.0,101,0.318
pura-ecoconcept.pt,https://pura-ecoconcept.pt/collections/colecao-dia-dos-avos,11,371,14,101,0.272
pura-ecoconcept.pt,https://pura-ecoconcept.pt/collections/red-berries,11,301,14,101,0.336
sloowmarket.com,https://sloowmarket.com/,40,1959,18.0,295,0.151
sloowmarket.com,https://sloowmarket.com/products/tudoeu-ready-to-go,41,2370,18,295,0.124
sloowmarket.com,https://sloowmarket.com/pt/products/skincare-headband,41,2203,18,295,0.134
sloowmarket.com,https://sloowmarket.com/products/gorro-woodland_azul,42,2185,18.0,295,0.135
sloowmarket.com,https://sloowmarket.com/products/goa-shirt,41,2319,18,295,0.127
tacticalsoul-pb.com,https://tacticalsoul-pb.com/,7,442,18,353,0.799
tacticalsoul-pb.com,https://tacticalsoul-pb.com/products/ghost,6,890,28.5,765,0.86
tacticalsoul-pb.com,https://tacticalsoul-pb.com/products/tactical-nightmare,5,90,13,39,0.433
tacticalsoul-pb.com,https://tacticalsoul-pb.com/products/sticker-salmo-do-operador,5,142,18,65,0.458
tacticalsoul-pb.com,https://tacticalsoul-pb.com/products/t-shirt-assault-team,5,135,18,58,0.43
tag-and-get.com,https://tag-and-get.com/,39,2070,30,228,0.11
tag-and-get.com,https://tag-and-get.com/en/collections/colecao-forca-e-superacao,14,644,22.0,202,0.314
tag-and-get.com,https://tag-and-get.com/en-ue/pages/guia-tamanhos-sweatshirt-gildan-18000,13,739,23,299,0.405
tag-and-get.com,https://tag-and-get.com/pt-ue/products/cartao-de-oferta-tag-get,13,545,23,87,0.16
tag-and-get.com,https://tag-and-get.com/pt-ue/products/t-shirt-feminina-de-algodao-organico-i-dont-age,21,1428,78,213,0.149
thatalabel.com,https://thatalabel.com/,9,518,31,160,0.309
thatalabel.com,https://thatalabel.com/products/body-decote-subido-com-mangas,8,532,31.5,164,0.308
thatalabel.com,https://thatalabel.com/products/body-decote-profundo-copia,8,530,31.5,164,0.309
thatalabel.com,https://thatalabel.com/pt-ue/collections/bonfim,8,421,22.5,164,0.39
thatalabel.com,https://thatalabel.com/pages/politica-de-privacidade,18,1934,97.0,405,0.209
tiapureza.pt,https://tiapureza.pt/,13,295,13,69,0.234
tiapureza.pt,https://tiapureza.pt/en/pages/solicitar-livre-resolucao,16,612,32.0,96,0.157
tiapureza.pt,https://tiapureza.pt/es/collections/azulejos-magneticos,13,285,18,67,0.235
tiapureza.pt,https://tiapureza.pt/pages/sobre-nos,16,662,28.5,108,0.163
tiapureza.pt,https://tiapureza.pt/en/blogs/blog,9,171,15,59,0.345
vallore.pt,https://vallore.pt/,19,331,5,73,0.221
vallore.pt,https://vallore.pt/products/pulseira-digna,7,319,35,109,0.342
vallore.pt,https://vallore.pt/collections/pulseiras,10,222,19.5,67,0.302
vallore.pt,https://vallore.pt/products/pulseira-viana-real,8,325,32.0,93,0.286
vallore.pt,https://vallore.pt/pages/sobre-nos,5,439,35,297,0.677
4gnews.pt,https://4gnews.pt/,4,281,60.5,106,0.377
4gnews.pt,https://4gnews.pt/suica-abre-clinica-para-tratar-viciados-em-tiktok-e-ja-tem-listas-de-espera/,4,813,166.5,423,0.52
4gnews.pt,https://4gnews.pt/xiaomi-15-primeiras-informacoes-trazem-boas-noticias/,4,525,105.5,257,0.49
4gnews.pt,https://4gnews.pt/xiaomi-14-ultra-pode-ter-um-aumento-no-preco/,4,529,130.0,217,0.41
4gnews.pt,https://4gnews.pt/microsoft-lanca-copilot-pro-e-expande-a-ia-para-startups-e-pme/,4,765,144.5,428,0.559
abola.pt,https://www.abola.pt/,2,303,151.5,257,0.848
abola.pt,https://www.abola.pt/noticias/crocodilo-2023080805211323427,4,604,28.5,545,0.902
abola.pt,https://www.abola.pt/noticias/jiboia-e-exagero-2023080805193006114,4,644,28.5,583,0.905
abola.pt,https://www.abola.pt/noticias/seleccoes-jovens-masculinas-no-contexto-europeu-artigo-de-eduardo-monteiro-57-2023080911535610266,4,1340,28.5,1272,0.949
abola.pt,https://www.abola.pt/noticias/cristiano-ronaldo-e-o-metodo-sarri-2023080805134095397,4,571,28.5,508,0.89
acorianooriental.pt,https://www.acorianooriental.pt/,8,920,96.5,322,0.35
acorianooriental.pt,https://www.acorianooriental.pt/noticia/programa-ja-chegou-a-mais-de-6-mil-jovens-portugueses-379009,7,819,106,322,0.393
acorianooriental.pt,https://www.acorianooriental.pt/noticia/aumento-de-casos-de-gastroenterite-em-sao-miguel-nao-e-alarmante-379897,7,1215,106,588,0.484
acorianooriental.pt,https://www.acorianooriental.pt/noticia/deslocacao-oficial-ao-brasil-do-secretario-regional-das-comunidades-379782,7,835,106,322,0.386
acorianooriental.pt,https://www.acorianooriental.pt/noticia/ordem-dos-medicos-preocupada-com-inem-e-pede-reformas-centradas-nos-doentes-379851,7,1207,106,584,0.484
aeiou.pt,https://www.aeiou.pt/,6,301,27.5,159,0.528
aeiou.pt,https://www.aeiou.pt/sample-page,1,247,247,247,1.0
aeiou.pt,https://www.aeiou.pt/category/newsroll,10,250,22.0,52,0.208
aeiou.pt,https://www.aeiou.pt/form-search,1,14,14,14,1.0
aeiou.pt,https://www.aeiou.pt/category/mais-lidas,10,252,22.0,52,0.206
aminhaterra.pt,https://aminhaterra.pt/,2,39,19.5,35,0.897
aminhaterra.pt,https://aminhaterra.pt/,2,39,19.5,35,0.897
aminhaterra.pt,https://aminhaterra.pt/,2,31,15.5,28,0.903
btech.pt,https://btech.pt/,12,324,27.0,53,0.164
btech.pt,https://btech.pt/faq-items/o-que-acontece-se-o-meu-equipamento-nao-tiver-reparacao/,4,99,18.5,48,0.485
btech.pt,https://btech.pt/politica-de-entrega/,3,228,22,192,0.842
btech.pt,https://btech.pt/envios-reparacao/,11,357,34,78,0.218
btech.pt,https://btech.pt/servicos/,5,63,9,22,0.349
cmjornal.pt,https://www.cmjornal.pt/,43,872,16,132,0.151
cnnportugal.iol.pt,https://cnnportugal.iol.pt/,35,464,9,53,0.114
cnnportugal.iol.pt,https://cnnportugal.iol.pt/opiniao/colunistas,27,221,7,36,0.163
cnnportugal.iol.pt,https://cnnportugal.iol.pt/artes,27,226,7,36,0.159
cnnportugal.iol.pt,https://cnnportugal.iol.pt/branded-content/harmoniaperfeita,26,226,7.0,36,0.159
cnnportugal.iol.pt,https://cnnportugal.iol.pt/pais/educacao,27,224,7,36,0.161
correiodominho.pt,https://correiodominho.pt/,185,3161,2,1444,0.457
delas.pt,https://www.jn.pt/delas,4,932,223.5,467,0.501
delas.pt,https://www.jn.pt/economia/artigo/g20-aceitam-reduzir-defice-em-50/1604530,5,936,163,430,0.459
delas.pt,https://www.jn.pt/nacional/artigo/cheguei-a-um-ponto-em-que-nao-aguentava-mais-a-ostomia-foi-um-alivio-/15276983,5,1066,163,541,0.508
delas.pt,https://www.jn.pt/mundo/artigo/pintou-um-clima-e-a-pedofilia-surgiu-na-campanha-eleitoral-no-brasil-/15277041,5,1458,163,922,0.632
delas.pt,https://www.jn.pt/mundo/artigo/vulcao-cotopaxi-voltou-a-dar-sinais-de-atividade/15278561,5,839,163,284,0.338
diariodeaveiro.pt,https://www.diarioaveiro.pt/,11,138,4,68,0.493
diariodeaveiro.pt,https://www.diarioaveiro.pt/2026/08/28/servilusa-plantou-mais-de-38-mil-arvores/,7,380,17,243,0.639
diariodeaveiro.pt,https://www.diarioaveiro.pt/2026/08/28/mare-alta-rooftop-prepara-viagem-musical-aos-anos-80-e-90/,7,263,17,126,0.479
diariodeaveiro.pt,https://www.diarioaveiro.pt/2026/08/28/apreendidos-mais-de-quatro-mil-quilos-de-berbigao-vulgar-em-estarreja/,7,251,17,114,0.454
diariodeaveiro.pt,https://www.diarioaveiro.pt/2026/08/29/queda-dita-abandono-de-tadej-pogacar-da-volta-a-espanha/,7,394,17,257,0.652
diariodominho.pt,https://www.diariodominho.pt/,7,194,20,75,0.387
diariodominho.pt,https://www.diariodominho.pt/noticias/braga/2026-08-28-cinco-praias-fluviais-do-distrito-de-braga-com-banhos-desaconselhados-6a9195f2e7ded,9,314,14,123,0.392
diariodominho.pt,https://www.diariodominho.pt/opiniao/2026-08-28-saara-ocidental-traicao-de-socialistas-espanhois-e-centristas-franceses-6a917c39f3e18,8,924,19.5,754,0.816
diariodominho.pt,https://www.diariodominho.pt/noticias/desporto/2026-08-29-studiod-digitalparts-regressa-as-24-horas-de-le-mans-com-ambicao-de-alcancar-top-5-6a8dd39bddf96,9,639,14,446,0.698
diariodominho.pt,https://www.diariodominho.pt/noticias/desporto/2026-08-29-limiano-fernando-pimenta-conquista-medalha-de-ouro-em-k1-1000-metros-6a9302775d3ea,9,358,14,163,0.455
dinheirovivo.pt,https://dinheirovivo.dn.pt/,2,93,46.5,82,0.882
dinheirovivo.pt,https://dinheirovivo.dn.pt/pib-da-alemanha-recua-mais-que-estimado-ao-contrair-18-no-1-trimestre-face-ao-anterior-13764142.html,3,355,82,262,0.738
dinheirovivo.pt,https://www.dn.pt/arquivo/diario-de-noticias/neymar-com-tratamento-conservador-desfalca-psg-durante-dez-semanas-10509694.html,3,373,91,205,0.55
dinheirovivo.pt,https://dinheirovivo.dn.pt/schauble-destaca-resultados-encorajadores-de-portugal-12616819.html,3,252,82,159,0.631
dinheirovivo.pt,https://www.dn.pt/arquivo/diario-de-noticias/presidente-da-republica-recebe-parceiros-sociais-na-quinta-feira--10510408.html,3,323,91,155,0.48
divergente.pt,https://divergente.pt/,15,491,30,130,0.265
divergente.pt,https://divergente.pt/en/premio/direitos-humanos-e-integracao-2/,3,120,17,96,0.8
divergente.pt,https://divergente.pt/testemunho/ines-renda/,3,205,88,101,0.493
divergente.pt,https://divergente.pt/eventos/?r=3#/o-arraial-que-deu-jardins-do-bombarda-lisboa,69,4195,57,257,0.061
divergente.pt,https://divergente.pt/eventos/?r=3#/gorjoes-santa-barbara-de-nexe-faro,69,4195,57,257,0.061
dn.pt,https://www.dn.pt/,2,168,84.0,91,0.542
dn.pt,https://dinheirovivo.dn.pt/pib-da-alemanha-recua-mais-que-estimado-ao-contrair-18-no-1-trimestre-face-ao-anterior-13764142.html,3,355,82,262,0.738
dn.pt,https://www.dn.pt/arquivo/diario-de-noticias/neymar-com-tratamento-conservador-desfalca-psg-durante-dez-semanas-10509694.html,3,373,91,205,0.55
dn.pt,https://dinheirovivo.dn.pt/schauble-destaca-resultados-encorajadores-de-portugal-12616819.html,3,252,82,159,0.631
dn.pt,https://www.dn.pt/arquivo/diario-de-noticias/presidente-da-republica-recebe-parceiros-sociais-na-quinta-feira--10510408.html,3,323,91,155,0.48
dnoticias.pt,https://www.dnoticias.pt/,19,406,17,58,0.143
dnoticias.pt,https://www.dnoticias.pt/2025/8/13/459439-tirar-reformas-a-quem-abandona-idosos-no-hospital/,10,357,11.0,254,0.711
dnoticias.pt,https://www.dnoticias.pt/2025/8/15/459638-sindicato-denuncia-alegadas-irregularidades-no-recrutamento-de-enfermeiros-gestores-na-madeira/,10,551,11.0,448,0.813
eco.sapo.pt,https://eco.sapo.pt/,23,754,23,104,0.138
eco.sapo.pt,https://eco.sapo.pt/especiais/mais-um-passo-na-saude-mental-nova-lei-ja-entrou-em-vigor/,19,2373,20,964,0.406
eco.sapo.pt,https://eco.sapo.pt/entrevista/um-ano-depois-os-panama-papers-em-muitos-paises-europeus-as-autoridades-tributarias-tem-falta-de-recursos/,21,2972,20,2180,0.734
eco.sapo.pt,https://eco.sapo.pt/entrevista/nuno-libano-monteiro-a-nova-geracao-da-plmj-tem-de-fazer-o-que-plmj-soube-fazer-ao-longo-de-50-anos/,31,2934,44,423,0.144
eco.sapo.pt,https://eco.sapo.pt/entrevista/nao-podemos-estar-sempre-a-fazer-alteracoes-das-leis-fiscais-nem-das-leis-do-trabalho-diz-mendonca-mendes/,21,701,20,122,0.174
exameinformatica.pt,https://visao.pt/exameinformatica/,14,432,31.5,51,0.118
exameinformatica.pt,https://visao.pt/atualidade/desporto/2023-08-01-portugal-volta-ao-primeiro-onze-do-mundial-feminino-de-futebol-com-kika-em-vez-de-fatima/,4,448,56.5,321,0.717
exameinformatica.pt,https://visao.pt/atualidade/mundo/2023-08-01-franca-prepara-retirada-dos-seus-cidadaos-do-niger/,4,166,32.5,87,0.524
exameinformatica.pt,https://visao.pt/lusa/2012-12-24-cimeira-das-monarquias-do-golfo-abre-com-apelo-a-maior-integracao-economicaf703849/,3,121,20,87,0.719
exameinformatica.pt,https://visao.pt/lusa/2011-11-23-edp-china-ajudara-empresa-a-financiar-sef635110/,3,160,20,126,0.787
executivedigest.sapo.pt,https://executivedigest.sapo.pt/,4,554,38.0,453,0.818
executivedigest.sapo.pt,https://executivedigest.sapo.pt/ministra-diz-que-regime-dos-tarefeiros-nao-serve-para-diabolizar-os-medicos/,5,1088,37,554,0.509
executivedigest.sapo.pt,https://executivedigest.sapo.pt/transicao-verde-esta-a-destruir-emprego-antes-de-criar-novos-postos-bce-relanca-debate-na-europa/,5,1295,37,775,0.598
executivedigest.sapo.pt,https://executivedigest.sapo.pt/comissao-europeia-vai-propor-maximo-dinamico-para-os-precos-do-gas-natural/,5,800,49,456,0.57
executivedigest.sapo.pt,https://automonitor.pt/hyundai-i10-e-santa-fe-distinguidos-como-os-automoveis-mais-fiaveis-de-2025/,7,617,20,422,0.684
jn.pt,https://www.jn.pt/,26,4102,157.5,336,0.082
jn.pt,https://www.jn.pt/economia/artigo/g20-aceitam-reduzir-defice-em-50/1604530,5,936,163,430,0.459
jn.pt,https://www.jn.pt/nacional/artigo/cheguei-a-um-ponto-em-que-nao-aguentava-mais-a-ostomia-foi-um-alivio-/15276983,5,1066,163,541,0.508
jn.pt,https://www.jn.pt/mundo/artigo/pintou-um-clima-e-a-pedofilia-surgiu-na-campanha-eleitoral-no-brasil-/15277041,5,1458,163,922,0.632
jn.pt,https://www.jn.pt/mundo/artigo/vulcao-cotopaxi-voltou-a-dar-sinais-de-atividade/15278561,5,839,163,284,0.338
jornaldeleiria.pt,https://jornaldeleiria.pt/,38,696,18.0,57,0.082
jornaldenegocios.pt,https://www.jornaldenegocios.pt/,11,803,24,422,0.526
jornaldenegocios.pt,https://www.jornaldenegocios.pt/empresas/telecomunicacoes/detalhe/media-capital-reconhece-que-a-nowo-teve-direito-legitimo-a-terminar-negociacoes,6,839,29.5,422,0.503
jornaldenegocios.pt,https://www.jornaldenegocios.pt/empresas/media/detalhe/disney-aumenta-precos-nos-eua-para-portugal-ainda-nao-ha-indicacao,6,827,29.5,422,0.51
jornaldenegocios.pt,https://www.jornaldenegocios.pt/empresas/industria/detalhe/gigante-de-braga-chega-aos-1-000-milhoes-e-foi-a-alema-leica-contratar-um-ceo,6,1087,29.5,579,0.533
leak.pt,https://www.leak.pt/,16,422,20.0,91,0.216
leak.pt,https://www.leak.pt/tres-sistemas-led-para-exterior-do-lidl-que-nao-pode-perder/,8,597,64.5,184,0.308
leak.pt,https://www.leak.pt/ventoinha-sem-pas/,6,552,61.0,284,0.514
leak.pt,https://www.leak.pt/windows-11-e-a-historia-do-tpm-qual-e-a-razao-para-isto/,7,656,91,181,0.276
leak.pt,https://www.leak.pt/apple-aumentou-precos-apenas-o-iphone-se-safou/,6,448,61.0,180,0.402
lifestyle.sapo.pt,https://sapo.pt/cultura-lifestyle,46,1847,12.0,258,0.14
lifestyle.sapo.pt,https://sapo.pt/artigo/identificado-suspeito-de-participar-em-assalto-que-acabou-em-morte-6a93481e1c53352e0a1cc706,14,722,31.0,212,0.294
lifestyle.sapo.pt,https://sapo.pt/artigo/carlos-sainz-revela-primeiro-sinal-de-alerta-na-williams-para-2026-6a93e203f8b6a06b67fa3510,10,673,31.0,377,0.56
lifestyle.sapo.pt,https://sapo.pt/artigo/de-limpar-madeiras-a-refrescar-sanitas-conheca-5-usos-alternativos-do-amaciador-de-roupa-6a933be3f8b6a06b67e54c81,14,1082,31.0,576,0.532
lifestyle.sapo.pt,https://sapo.pt/artigo/os-produtos-usados-por-magui-corceiro-para-um-look-bronzeado-6a909d62e736401c974655c6,16,733,50.0,117,0.16
lusa.pt,https://www.lusa.pt/,103,1033,2,151,0.146
lusa.pt,https://www.lusa.pt/culture,33,249,4,79,0.317
lusa.pt,https://www.lusa.pt/dont_miss,23,217,4,79,0.364
lusa.pt,https://www.lusa.pt/image-gallery,4,678,65.5,533,0.786
lusa.pt,https://www.lusa.pt/economia,33,239,4,79,0.331
maisfutebol.iol.pt,https://maisfutebol.iol.pt/,14,1339,63.5,367,0.274
maisfutebol.iol.pt,https://maisfutebol.iol.pt/rio-ave,12,1131,59.0,397,0.351
maisfutebol.iol.pt,https://maisfutebol.iol.pt/internacional/brasil,10,1363,74.5,548,0.402
maisfutebol.iol.pt,https://maisfutebol.iol.pt/programa-maisfutebol,9,846,67,243,0.287
maisfutebol.iol.pt,https://maisfutebol.iol.pt/internacional,10,1296,70.5,509,0.393
noticiasaominuto.com,https://www.noticiasaominuto.com/,2,255,127.5,152,0.596
noticiasaominuto.com,https://www.noticiasaominuto.com/pais/3043412/mulher-da-a-luz-um-menino-no-aeroporto-de-lisboa-chegava-de-cabo-verde,5,285,22,186,0.653
noticiasaominuto.com,https://www.noticiasaominuto.com/lifestyle/3038349/arruma-a-casa-mas-continua-tudo-desorganizado-erros-a-evitar,11,648,51,109,0.168
noticiasaominuto.com,https://www.noticiasaominuto.com/pais/3043435/be-considera-decisao-do-tc-reves-importante-mas-mantem-oposicao,5,552,22,453,0.821
noticiasaominuto.com,https://www.noticiasaominuto.com/desporto/3043439/zaidu-sofre-lesao-no-adutor-direito-na-vitoria-do-fc-porto-em-viseu,5,265,22,137,0.517
observador.pt,https://observador.pt/,16,915,34.0,257,0.281
observador.pt,https://observador.pt/2026/08/06/presidente-iraniano-assume-que-comunicar-com-lider-supremo-e-muito-dificil-apos-alegado-encontro-em-carro-com-vidros-fumados/,7,1471,52,875,0.595
observador.pt,https://observador.pt/2026/08/20/dossie-esta-fechado-leitao-amaro-afasta-reforma-das-pensoes-nesta-legislatura/,7,1273,52,723,0.568
observador.pt,https://observador.pt/2024/02/26/ventura-acredita-que-chega-vai-vencer-eleicoes-e-pede-uma-oportunidade-para-governar/,7,1226,82,614,0.501
observador.pt,https://observador.pt/2024/02/19/vinte-e-seis-paises-da-ue-pedem-pausa-humanitaria-imediata-na-faixa-de-gaza/,7,767,52,257,0.335
ojogo.pt,https://www.ojogo.pt/,30,5520,187.0,298,0.054
ojogo.pt,https://www.ojogo.pt/extra/artigo/oe2019-ccp-diz-que-governo-preocupou-se-pouco-com-as-empresas-em-2018-/9838744,5,878,168,383,0.436
ojogo.pt,https://www.ojogo.pt/opiniao/artigo/custa-ver-um-jogador-como-musa-ir-para-os-estados-unidos/17884434,5,535,62,276,0.516
ojogo.pt,https://www.ojogo.pt/extra/artigo/navio-humanitario-aquarius-regressa-ao-mediterraneo-com-novo-nome-e-nova-bandeira/9842861,5,896,168,399,0.445
ojogo.pt,https://www.ojogo.pt/futebol/artigo/pepe-e-as-saidas-de-evanilson-e-francisco-conceicao-claro-que-temos-saudades/17925249,5,764,168,289,0.378
pcguia.pt,https://www.pcguia.pt/,21,488,12,196,0.402
pcguia.pt,https://www.pcguia.pt/tag/guerra-civil-espanhola/,3,209,11,193,0.923
pcguia.pt,https://www.pcguia.pt/tag/the-iron-claw/,4,222,12.0,193,0.869
pcguia.pt,https://www.pcguia.pt/tag/espaco-em-disco/,10,294,12.0,193,0.656
pcguia.pt,https://www.pcguia.pt/tag/publisher/,3,210,12,193,0.919
publituris.pt,https://publituris.pt/,25,717,14,130,0.181
publituris.pt,https://publituris.pt/2026/03/10/lisboa-e-porto-entre-as-10-cidades-europeias-mais-procuradas-para-experiencias-gastronomicas,19,1443,71,263,0.182
publituris.pt,https://publituris.pt/2026/05/14/novo-guia-da-etc-ajuda-setor-do-turismo-a-navegar-pela-legislacao-da-ue-sobre-sustentabilidade,19,1582,71,364,0.23
publituris.pt,https://publituris.pt/2026/04/14/aeroporto-de-atlanta-mantem-lideranca-entre-os-aeroportos-mais-movimentados-do-mundo,19,1799,77,714,0.397
publituris.pt,https://publituris.pt/2026/06/26/talent-connect-regressa-a-17-de-novembro-em-3a-edicao,19,1311,77,186,0.142
reconquista.pt,https://www.reconquista.pt/,13,313,19,75,0.24
reconquista.pt,https://www.reconquista.pt/desporto/eventos,23,575,24,75,0.13
reconquista.pt,https://www.reconquista.pt/informacoes/politica-de-comentarios-,3,580,17,558,0.962
reconquista.pt,https://www.reconquista.pt/informacoes/classificados-2,6,422,59.5,176,0.417
rtp.pt,https://www.rtp.pt/,8,665,55.5,253,0.38
sapo.pt,https://sapo.pt/,68,2075,10.0,258,0.124
sapo.pt,https://sapo.pt/artigo/identificado-suspeito-de-participar-em-assalto-que-acabou-em-morte-6a93481e1c53352e0a1cc706,14,722,31.0,212,0.294
sapo.pt,https://sapo.pt/artigo/de-limpar-madeiras-a-refrescar-sanitas-conheca-5-usos-alternativos-do-amaciador-de-roupa-6a933be3f8b6a06b67e54c81,14,1082,31.0,576,0.532
sapo.pt,https://sapo.pt/artigo/os-produtos-usados-por-magui-corceiro-para-um-look-bronzeado-6a909d62e736401c974655c6,16,733,50.0,117,0.16
sapo.pt,https://sapo.pt/artigo/super-pai-lembra-se-da-pequena-clarinha-filipa-malo-ja-tem-34-anos-e-dois-filhos-25-anos-depois-6a935f10f8b6a06b67e8f97d,13,618,30,170,0.275
shifter.pt,https://shifter.pt/,23,550,16,114,0.207
shifter.pt,https://shifter.pt/2017/12/um-album-a-espreita-e-um-fauno-a-dancar/,11,1958,24,1625,0.83
shifter.pt,https://shifter.pt/2026/07/mark-fisher-realismo-capitalista-comunismo-acido/,13,3283,24,1385,0.422
shifter.pt,https://shifter.pt/2021/03/terry-reintke-entrevista-lgbti-uniao-europeia/,11,4448,24,4115,0.925
shifter.pt,https://shifter.pt/2015/12/sp-deville-sou-quem-sou/,11,852,24,519,0.609
tek.sapo.pt,https://tek.sapo.pt/,6,820,130.5,282,0.344
tek.sapo.pt,https://tek.sapo.pt/mobile/equipamentos/artigos/garmin-fenix-9-pro-chega-com-mais-autonomia-e-conectividade-para-aventuras-longe-do-smartphone/,9,1531,139,357,0.233
tek.sapo.pt,https://tek.sapo.pt/mobile/android/artigos/nothing-os-5-0-tudo-o-que-muda-na-maior-atualizacao-do-sistema-operativo-da-nothing-ate-agora/,10,1495,119.0,367,0.245
tek.sapo.pt,https://tek.sapo.pt/noticias/computadores/artigos/mit-transforma-bacterias-em-transistores-para-criar-circuitos-vivos/,7,1473,115,496,0.337
tek.sapo.pt,https://tek.sapo.pt/analises/artigos/analise-tek-pixel-11-pro-e-pro-xl-revelam-os-pontos-fortes-da-nova-geracao-de-smartphones-da-google/,11,2862,316,408,0.143
tvi.iol.pt,https://tvi.iol.pt/,10,151,13.0,32,0.212
tvi.iol.pt,https://tvi.iol.pt/ultimos,5,93,13,32,0.344
visao.pt,https://visao.pt/,4,252,64.5,109,0.433
zap.aeiou.pt,https://zap.aeiou.pt/,55,655,6,69,0.105
zap.aeiou.pt,https://zap.aeiou.pt/corona-sempre-veio-gaitan-afinal-fica-schelotto-ainda-vem-80891,11,957,102,171,0.179
zap.aeiou.pt,https://zap.aeiou.pt/papa-permite-o-perdao-mulheres-que-abortarem-mas-durante-o-jubileu-80905,7,1258,23,866,0.688
zap.aeiou.pt,https://zap.aeiou.pt/belgica-pior-taxa-mortalidade-europeia-319712,8,1020,27.5,473,0.464
zap.aeiou.pt,https://zap.aeiou.pt/despedimento-trabalhadores-nao-docentes-319259,6,649,20.0,559,0.861
barkyn.com,https://barkyn.com/,5,1548,1,1539,0.994
barkyn.com,https://barkyn.com/pages/social-login,6,29,3.5,14,0.483
barkyn.com,https://barkyn.com/products/food-topping-beef-collagen,10,401,19.0,206,0.514
barkyn.com,https://barkyn.com/pages/longevity-plan-quiz,4,9,1.0,6,0.667
barkyn.com,https://barkyn.com/products/peitoral-zee-dog-h-harness-rudolph,12,211,14.5,43,0.204
bind.pt,https://bind.pt/,34,750,12.0,159,0.212
bind.pt,https://bindtuning.com/resources/case-study/city-of-kirkland-improves-how-citizens-and-employees-connect-and-collaborate,16,2131,37.5,663,0.311
bind.pt,https://bindtuning.com/resources/case-study/enra-specialist-finance-beyond-colors-fonts-intranet-branding-for-corporate-longevity,16,1417,37.5,358,0.253
bind.pt,https://bindtuning.com/resources/blog/microsoft-teams-101-better-manage-your-attendees,17,836,42,131,0.157
bind.pt,https://bindtuning.com/resources/press-release/bindtuning-announces-the-opening-of-their-store-so-designers-for-the-first-time-can-now-sell-their-themes-on-bindtuning-supporting-a-dozen-platforms,11,1077,18,840,0.78
bizay.com,https://www.360imprimir.pt,1,12,12,12,1.0
bizay.com,https://www.360imprimir.pt/mascarilhas-personalizadas/modelos,3,116,11,95,0.819
bizay.com,https://www.360imprimir.pt/t-shirt-decote-redondo-de-manga-comprida/modelos,3,120,15,95,0.792
bizay.com,https://www.360imprimir.pt/etiquetas-para-impressoras?skuId=738380056,5,52,9,22,0.423
bizay.com,https://www.360imprimir.pt/formas-para-forno-pastelaria-laminadas-castanhas-papel?skuId=365954205,4,30,9.0,10,0.333
codacy.com,https://www.codacy.com/,94,1462,14.0,64,0.044
codacy.com,https://www.codacy.com/quality,75,1172,14,87,0.074
codacy.com,https://www.codacy.com/search,1,206,206,206,1.0
codacy.com,https://www.codacy.com/about,19,222,14,22,0.099
codacy.com,https://www.codacy.com/careers,21,366,14,46,0.126
criticalsoftware.com,https://criticalsoftware.com/en,24,1051,21.5,478,0.455
criticalsoftware.com,https://criticalsoftware.com/en/solutions/space-safety-quality-product-assurance,5,186,32,104,0.559
criticalsoftware.com,https://criticalsoftware.com/en/resources/an-almost-hassle-free-digitalization-journey,6,198,20.0,108,0.545
criticalsoftware.com,https://criticalsoftware.com/en/solutions/financial-services-risk-compliance,5,165,32,83,0.503
criticalsoftware.com,https://criticalsoftware.com/en/newsroom/the-rise-and-future-of-automatic-train-operation,9,557,46,173,0.311
defined.ai,https://defined.ai/,53,2068,14,826,0.399
defined.ai,https://defined.ai/datasets/dhundari-podcasts,5,1532,294,826,0.539
defined.ai,https://defined.ai/datasets/canadian-french-ivr-telco,5,1504,197,826,0.549
defined.ai,https://defined.ai/datasets/american-english-scripted-monologue-globalaffairs,5,1336,173,826,0.618
defined.ai,https://defined.ai/datasets/italian-podcasts-3,5,1532,294,826,0.539
fabamaq.com,https://fabamaq.com/,2,45,22.5,30,0.667
fabamaq.com,https://fabamaq.com/news/Trabalhar-e-estudar-ao-mesmo-tempo-e-possivel-5-dicas-dos-nossos-Gamersid=219,11,1333,105,273,0.205
fabamaq.com,https://fabamaq.com/news/5000-in-the-stocking-and-a-solidarity-bingoid=188,3,568,30,527,0.928
fabamaq.com,https://fabamaq.com/news/Juliana-s-Tips-How-AI-and-Communities-redefine-leadershipid=268,8,531,45.5,165,0.311
fabamaq.com,https://fabamaq.com/news/Musica-e-sorrisos-sem-igual-rimam-com-Natalid=170,3,560,30,518,0.925
feedzai.com,https://www.feedzai.com/,25,1011,12,552,0.546
feedzai.com,https://www.feedzai.com/pressrelease/ai-deep-dive-steve-wozniak-joins-goldman-sachs-intl-chairman-and-many-more-to-speak-in-amsterdam/,3,1306,556,644,0.493
feedzai.com,https://www.feedzai.com/inthenews/romance-fraud-victims-lost-68m-last-year-tips-for-dodging-scammers/,3,661,106,550,0.832
feedzai.com,https://www.feedzai.com/partner/,31,1414,28,552,0.39
feedzai.com,https://www.feedzai.com/pressrelease/feedzai-unveils-expanded-aml-capabilities-underpinned-by-advanced-machine-learning-and-explainability/,4,1340,327.0,683,0.51
glintt.com,https://www.glinttglobal.com,15,398,20,62,0.156
glintt.com,https://www.glinttglobal.com/btf/,7,159,14,59,0.371
glintt.com,https://www.glinttglobal.com/en/terms-of-use/,17,2713,87,591,0.218
glintt.com,https://www.glinttglobal.com/pt/glintt-global-grace/,7,557,59,224,0.402
glintt.com,https://www.glinttglobal.com/pt/glintt-global-compra-prologica/,5,817,32,706,0.864
hostelworld.com,https://www.hostelworld.com/,8,167,18.0,56,0.335
ifthenpay.com,https://ifthenpay.com/?lang=en,19,808,30,143,0.177
ifthenpay.com,https://ifthenpay.com/privacy-policy/?lang=es,19,2450,120,334,0.136
ifthenpay.com,https://ifthenpay.com/blog/post/?lang=pt&p=2,3,156,54,88,0.564
ifthenpay.com,https://helpdesk.ifthenpay.com/pt-PT/support/home,5,329,56,170,0.517
ifthenpay.com,https://ifthenpay.com/blog/post/?lang=fr&p=31,4,262,78.0,88,0.336
jscrambler.com,https://jscrambler.com/,20,1290,13.0,564,0.437
jscrambler.com,https://jscrambler.com/blog/customer-story-type/media-streaming/,16,1829,58.0,397,0.217
jscrambler.com,https://jscrambler.com/blog/customer-story-type/healthcare/,10,1174,60.5,321,0.273
jscrambler.com,https://jscrambler.com/blog/author/jscrambler-security-research-team/,6,645,32.0,265,0.411
jscrambler.com,https://jscrambler.com/blog/category/threat-detection-prevention/,32,5735,143.5,488,0.085
kitch.io,https://1-win.in.net/,39,4540,103,300,0.066
kitch.io,https://1-win.in.net/en-in/,39,4557,103,310,0.068
kitch.io,https://1-win.in.net/loyalty-program/,3,206,83,108,0.524
kitch.io,https://1-win.in.net/en-in/responsible-gaming/,2,249,124.5,234,0.94
kitch.io,https://1-win.in.net/registration/,8,896,144.5,178,0.199
landing.jobs,https://landing.jobs/,17,625,19,308,0.493
landing.jobs,https://landing.jobs/jobs/in/braga/for/sql/intermediate,9,551,37,226,0.41
landing.jobs,https://landing.jobs/jobs/in/portugal/for/pandas/intermediate,9,551,37,226,0.41
landing.jobs,https://landing.jobs/blog/7-reasons-why-your-company-should-be-a-part-of-landing-careers-festival,16,1105,70.5,308,0.279
landing.jobs,https://landing.jobs/blog/from-anywhere-you-want-with-love,10,828,16.0,308,0.372
mindera.com,https://mindera.com/,31,796,9,121,0.152
mindera.com,https://mindera.com/blog/idp-to-adp-and-other-big-stories-from-platformcon-2026-live-day-london,14,1399,97.0,287,0.205
mindera.com,https://mindera.com/tech-solutions-for-us-sports-events,9,231,24,58,0.251
mindera.com,https://mindera.com/blog/recruitment-process-or-how-we-recruit-people-at-mindera,16,983,47.5,195,0.198
mindera.com,https://mindera.com/blog/potential-energy:-the-digital-power-of-the-public-sector,20,1579,58.0,253,0.16
noesis.pt,https://noesis.pt/,35,2801,44,670,0.239
noesis.pt,https://www.noesis.pt/success-stories/noesis-transforms-monitoring-platform-for-a-payment-services-company,4,354,34.5,275,0.777
noesis.pt,https://www.noesis.pt/en/media-and-resources/news/2019-09-12-destaque-para-os-parceiros-noesis-no-cloud100,3,293,24,260,0.887
noesis.pt,https://www.noesis.pt/media-and-resources/news/noesis-at-idc-security-roadshow-2022,4,407,69.0,260,0.639
noesis.pt,https://www.noesis.pt/media-and-resources/noesis-in-the-media/2020-05-08-how-can-a-pandemic-accelerate-digital-transformation-in-banking,4,983,142.0,690,0.702
outsystems.com,https://www.outsystems.com/,13,974,25,623,0.64
outsystems.com,https://www.outsystems.com/forge/component-overview/11933/timeular-connector-o11,2,118,59.0,62,0.525
outsystems.com,https://www.outsystems.com/forge/component-overview/11742/bookings-reactive-o11,2,84,42.0,62,0.738
outsystems.com,https://www.outsystems.com/forge/component-overview/8877/product-catalog-o11,2,122,61.0,62,0.508
outsystems.com,https://www.outsystems.com/forge/component-overview/10279/live-countdown-timer-o11,2,132,66.0,70,0.53
primeit.pt,https://www.primeit.pt/pt/inicio,10,977,13.0,726,0.743
probely.com,https://probely.com/,3,97,16,76,0.784
probely.com,https://snyk.io/articles/addressing-the-hidden-risks-of-single-page-applications/,19,1386,78,216,0.156
probely.com,https://snyk.io/product/dast-api-web/,31,1165,26,184,0.158
probely.com,https://probely.com/blog/new-in-probely-jira-integrations-jenkins-plugin-and-more/,10,863,67.0,213,0.247
probely.com,https://probely.com/blog/a-balanced-approach-new-security-headers-grading-criteria/,12,1043,83.0,141,0.135
rows.com,https://rows.com/product,9,246,18,64,0.26
rows.com,https://rows.com/blog/post/2023-w50-2023-in-review,2,2125,1062.5,2061,0.97
rows.com,https://rows.com/blog/post/community-spotlight-diogo-matos,4,1317,213.0,827,0.628
rows.com,https://rows.com/blog/post/how-to-add-a-calculator-to-your-website-in-4-steps,7,861,119,205,0.238
rows.com,https://rows.com/blog/post/2023-w7-agencies-so-many-yet-too-few,6,835,161.0,203,0.243
sensei.tech,https://www.sensei.tech/,11,665,17,245,0.368
sensei.tech,https://www.sensei.tech/experiences,7,258,11,197,0.764
sensei.tech,https://www.sensei.tech/insights/our-coo-joana-rafael-takes-the-main-stage-at-hpe-discover-barcelona,3,240,95,106,0.442
sensei.tech,https://www.sensei.tech/clients/grupo-muffato,9,535,65,114,0.213
sensei.tech,https://www.sensei.tech/insights/sensei-recognised-across-global-retail-innovation-awards,11,823,80,144,0.175
subvisual.com,https://subvisual.com/,3,739,30,695,0.94
subvisual.com,https://subvisual.com/venture/,10,585,26.0,254,0.434
subvisual.com,https://subvisual.com/stables/,9,501,9,326,0.651
subvisual.com,https://subvisual.com/privacy/,11,520,40,131,0.252
subvisual.com,https://subvisual.com/terms/,7,211,28,52,0.246
switch.pt,https://www.switch.pt/,43,1310,18,146,0.111
talkdesk.com,https://www.talkdesk.com/,32,704,17.0,154,0.219
talkdesk.com,https://www.talkdesk.com/it-it/customers/apple-federal-credit-union/,16,555,22.5,157,0.283
talkdesk.com,https://www.talkdesk.com/fr-fr/customers/virtuagym/,15,525,25,161,0.307
talkdesk.com,https://www.talkdesk.com/pt-br/customers/lemonade/,16,550,23.0,166,0.302
talkdesk.com,https://www.talkdesk.com/customers/glintt/,16,478,19.0,138,0.289
unbabel.com,https://unbabel.com/,14,1266,26.0,757,0.598
unbabel.com,https://unbabeltmp.tpweb-stage.com/streams/featured-content/,5,1128,40,957,0.848
unbabel.com,https://unbabeltmp.tpweb-stage.com/cost-of-translation-balancing-time-and-quality/,11,2172,125,957,0.441
unbabel.com,https://unbabeltmp.tpweb-stage.com/unbabels-new-zendesk-agent-workspace-integration-empowers-agents-to-instantly-become-multilingual/,5,2139,160,957,0.447
unbabel.com,https://unbabeltmp.tpweb-stage.com/ai-assisted-translation-ad-effectiveness/,10,2181,128.0,957,0.439
utrust.com,https://www.xmoney.com/,40,531,12.0,49,0.092
utrust.com,https://www.xmoney.com/blog/mica-stablecoins-the-next-compliance-frontier,7,1236,192,232,0.188
utrust.com,https://www.xmoney.com/blog/xmoney-december-cashback,4,416,116.5,134,0.322
utrust.com,https://www.xmoney.com/blog/xmn-live-on-multiversx,7,371,49,76,0.205
utrust.com,https://www.xmoney.com/luxury-crypto-payments,23,477,17,59,0.124
veniam.com,https://veniam.com/,22,557,11.5,238,0.427
xpand-it.com,https://xpand-it.com/pt-pt/,22,810,28.5,140,0.173
xpand-it.com,https://xpand-it.com/en/knowledge_hub_conteudo/webinar/,4,148,34.0,66,0.446
xpand-it.com,https://xpand-it.com/en/career_team/data-science/,3,130,43,73,0.562
xpand-it.com,https://xpand-it.com/en/knowledge_hub_conteudo/content-kit/,3,124,45,65,0.524
xpand-it.com,https://xpand-it.com/pt-pt/career_team/platform-engineering/,4,139,29.5,77,0.554
zaask.pt,https://www.zaask.pt/,8,124,8.0,43,0.347
zaask.pt,https://www.zaask.pt/user/robert209,7,118,9,43,0.364
zaask.pt,https://www.zaask.pt/user/jooca112,6,111,12.0,43,0.387
zaask.pt,https://www.zaask.pt/quanto-custa/portas-de-correr,16,740,32.5,194,0.262
zaask.pt,https://www.zaask.pt/user/flaviasantoscf,7,118,9,43,0.364
arrastao.blogs.sapo.pt,https://arrastao.blogs.sapo.pt/,18,5531,161.5,1787,0.323
arrastao.blogs.sapo.pt,https://arrastao.blogs.sapo.pt/1505203.html,22,1733,43.0,260,0.15
arrastao.blogs.sapo.pt,https://arrastao.blogs.sapo.pt/545249.html,16,1292,24.0,260,0.201
arrastao.blogs.sapo.pt,https://arrastao.blogs.sapo.pt/1004049.html,22,1858,56.5,260,0.14
arrastao.blogs.sapo.pt,https://arrastao.blogs.sapo.pt/935193.html,10,1104,101.0,260,0.236
aventar.eu,https://aventar.eu/,59,5436,41,396,0.073
aventar.eu,https://aventar.eu/vid-20181015-wa0006-21-mp4/,29,1117,38,65,0.058
aventar.eu,https://aventar.eu/2026/07/26/dave-mustaine-the-cult/,30,1166,37.5,65,0.056
aventar.eu,https://aventar.eu/2022/12/20/solidarnosc/,30,2816,40.5,1464,0.52
aventar.eu,https://aventar.eu/2022/05/19/iraq-too-anyway/,30,2054,39.0,865,0.421
blasfemias.net,https://blasfemias.net/,48,18103,356.5,1485,0.082
blasfemias.net,https://blasfemias.net/2021/06/01/excepcao-para-os-ingleses-regras-duras-para-os-adeptos-torreense/,11,3859,64,2523,0.654
blasfemias.net,https://blasfemias.net/2021/11/02/crap26-summit/,11,3150,72,1667,0.529
blasfemias.net,https://blasfemias.net/2022/04/03/todos-em-movimento/,11,2410,72,1022,0.424
blasfemias.net,https://blasfemias.net/2025/08/13/ide-dar-corda-a-vossa-mae/,11,1845,72,842,0.456
comunidadeculturaearte.com,https://comunidadeculturaearte.com/,41,1026,28,33,0.032
comunidadeculturaearte.com,https://comunidadeculturaearte.com/macron-rejeita-que-detencao-de-fundador-do-telegram-seja-decisao-politica/,5,620,22,534,0.861
comunidadeculturaearte.com,https://comunidadeculturaearte.com/festival-super-bock-super-rock-regressa-ao-meco-entre-5-afeira-e-sabado-para-a-28-a-edicao/,5,942,22,856,0.909
comunidadeculturaearte.com,https://comunidadeculturaearte.com/novos-encontros-do-cinema-portugues-monstraram-que-ha-um-desejo-de-comunidade/,5,621,22,535,0.862
comunidadeculturaearte.com,https://comunidadeculturaearte.com/tag/artistas-unidos/,7,170,28,33,0.194
contasconnosco.pt,https://contasconnosco.cofidis.pt/,7,471,27,174,0.369
contasconnosco.pt,https://contasconnosco.cofidis.pt/credito/periodo-de-reflexao-no-credito-a-habitacao,2,304,152.0,157,0.516
contasconnosco.pt,https://contasconnosco.cofidis.pt/credito/credito-para-jovens-desempregados,9,1547,156,331,0.214
contasconnosco.pt,https://contasconnosco.cofidis.pt/direitos-e-deveres/vive-em-condominio-ha-novas-regras,7,1178,146,334,0.284
contasconnosco.pt,https://contasconnosco.cofidis.pt/investir/casas-pre-fabricadas-tambem-tem-financiamento,5,509,100,157,0.308
corta-fitas.blogspot.com,https://corta-fitas.blogspot.com/,85,2427,9,846,0.349
corta-fitas.blogspot.com,https://corta-fitas.blogspot.com/2006/10/grandes-contos-3-borges.html,5,440,37,335,0.761
corta-fitas.blogspot.com,https://corta-fitas.blogspot.com/2006/03/perigo-i.html,5,285,33,190,0.667
corta-fitas.blogspot.com,https://corta-fitas.blogspot.com/2006/09/aos-meus-amores-to-dedicado.html,5,346,37,247,0.714
corta-fitas.blogspot.com,https://corta-fitas.blogspot.com/2006/06/desunio-europeia.html,5,162,37,57,0.352
delitodeopiniao.blogs.sapo.pt,https://delitodeopiniao.blogs.sapo.pt/,33,5350,58,1986,0.371
delitodeopiniao.blogs.sapo.pt,https://delitodeopiniao.blogs.sapo.pt/974311.html,38,3943,17.0,611,0.155
delitodeopiniao.blogs.sapo.pt,https://delitodeopiniao.blogs.sapo.pt/1011135.html,24,2223,25.0,504,0.227
delitodeopiniao.blogs.sapo.pt,https://delitodeopiniao.blogs.sapo.pt/delito-ha-dez-anos-10694692,14,2390,47.0,862,0.361
delitodeopiniao.blogs.sapo.pt,https://delitodeopiniao.blogs.sapo.pt/34645.html,25,2559,25,504,0.197
economiafinancas.com,https://economiafinancas.com/,22,1542,45.5,381,0.247
economiafinancas.com,https://economiafinancas.com/2009/nova-tabela-salarial-para-a-funcao-publica/,8,5393,135.5,4346,0.806
economiafinancas.com,https://economiafinancas.com/2012/calendario-dos-exames-nacionais-para-o-ano-de-2012/,7,1276,126,434,0.34
economiafinancas.com,https://economiafinancas.com/codigo-do-irs/,6,2917,299.0,1630,0.559
engenhariacivil.com,https://www.engenhariacivil.com/,22,982,42.0,142,0.145
engenhariacivil.com,https://www.engenhariacivil.com/um-cimento-mais-sustentavel-frente-a-um-ataque-severo-por-sulfatos,15,807,11,235,0.291
engenhariacivil.com,https://www.engenhariacivil.com/micro-apartamento-7-metros-quadrados,16,990,11.5,235,0.237
engenhariacivil.com,https://www.engenhariacivil.com/analise-estrutural,15,619,11,182,0.294
engenhariacivil.com,https://www.engenhariacivil.com/curso-projectistas-seguranca-contra-incendio,15,888,11,267,0.301
esquerda.net,https://www.esquerda.net/,10,527,42.5,205,0.389
esquerda.net,https://www.esquerda.net/artigo/custo-da-habitacao-em-portugal-teve-dos-maiores-aumentos-da-ocde/93159,6,421,41.5,196,0.466
esquerda.net,https://www.esquerda.net/artigo/mais-de-50-ong-mocambicanas-exigem-investigacao-celere-ataque-contra-adriano-nuvunga/82326,6,909,41.0,577,0.635
esquerda.net,https://www.esquerda.net/artigo/mocambique-quando-terminara-o-massacre/94131,7,1862,70,648,0.348
esquerda.net,https://www.esquerda.net/artigo/microplasticos-investigacao-descobre-poluicao-nos-maiores-rios-europeus/94436,7,514,70,198,0.385
evasoes.pt,https://www.jn.pt/evasoes,4,819,223.5,354,0.432
evasoes.pt,https://www.jn.pt/economia/artigo/g20-aceitam-reduzir-defice-em-50/1604530,5,936,163,430,0.459
evasoes.pt,https://www.jn.pt/nacional/artigo/cheguei-a-um-ponto-em-que-nao-aguentava-mais-a-ostomia-foi-um-alivio-/15276983,5,1066,163,541,0.508
evasoes.pt,https://www.jn.pt/mundo/artigo/pintou-um-clima-e-a-pedofilia-surgiu-na-campanha-eleitoral-no-brasil-/15277041,5,1458,163,922,0.632
evasoes.pt,https://www.jn.pt/mundo/artigo/vulcao-cotopaxi-voltou-a-dar-sinais-de-atividade/15278561,5,839,163,284,0.338
gastronomias.com,https://gastronomias.com/,12,1094,35.0,577,0.527
gastronomias.com,http://www.gastronomias.com/doces/doce1680.htm,1,447,447,447,1.0
gastronomias.com,http://www.gastronomias.com/doces/doce1942.htm,1,469,469,469,1.0
gerador.eu,https://gerador.eu/,55,733,4,93,0.127
gerador.eu,https://gerador.eu/autismo-o-caminho-e-longo-mas-cada-vez-mais-a-diversidade-do-espectro-esta-a-vista/,32,4394,5.0,1633,0.372
gerador.eu,https://gerador.eu/funchal-recebe-festival-mental-a-promocao-da-literacia-em-saude-mental-atraves-do-cinema-e-da-arte/,29,956,4,512,0.536
gerador.eu,https://gerador.eu/o-cumplicidades-a-danca-contemporanea-regressa-aos-palcos/,30,816,4.0,360,0.441
gerador.eu,https://gerador.eu/x-nao-e-um-pais-pequeno-desvendar-a-era-pos-global-chega-ao-maat/,29,628,4,184,0.293
joaoferreira.pt,https://joaoferreira.pt/web/,8,233,22.0,82,0.352
pumpkin.pt,https://pumpkin.pt/,53,2273,27,830,0.365
pumpkin.pt,https://pumpkin.pt/epoca/ferias-natal/,5,920,33,803,0.873
pumpkin.pt,https://pumpkin.pt/estadia/sem-estadia/,5,920,33,803,0.873
pumpkin.pt,https://pumpkin.pt/epoca/outono/,5,920,33,803,0.873
pumpkin.pt,https://pumpkin.pt/epoca/ferias-carnaval/,5,920,33,803,0.873
ruicorreia.pt,https://www.ruicorreia.pt/,13,439,16,190,0.433
ruicorreia.pt,https://www.ruicorreia.pt/rui-correia,6,148,23.0,47,0.318
ruicorreia.pt,https://www.ruicorreia.pt/pintura-de-predios,12,641,41.5,125,0.195
ruicorreia.pt,https://www.ruicorreia.pt/reabilitacao-de-edificios,12,685,41.5,122,0.178
ruicorreia.pt,https://www.ruicorreia.pt/isolamento-e-impermeabilizacao,12,632,41.5,122,0.193
timeout.pt,https://www.timeout.pt/lisboa/pt,5,418,65,176,0.421
timeout.pt,https://www.timeout.pt/lisboa/pt/musica/claudia-pascoal-cresci-imenso-nos-ultimos-dois-anos,7,1555,77,832,0.535
timeout.pt,https://www.timeout.pt/lisboa/pt/noticias/oeiras-conta-historias-de-viva-voz-por-encomenda-022621,4,594,114.0,340,0.572
timeout.pt,https://www.timeout.pt/lisboa/pt/noticias/van-gogh-esta-a-caminho-das-amoreiras-e-traz-realidade-virtual-e-girassois-100124,5,724,163,307,0.424
timeout.pt,https://www.timeout.pt/lisboa/pt/danca/faustless,6,566,56.0,258,0.456
tugatech.com.pt,https://tugatech.com.pt/,9,718,8,482,0.671
tugatech.com.pt,https://tugatech.com.pt/t16064-meo-tem-o-melhor-servico-de-internet-fixa-em-portugal,3,1072,383,654,0.61
tugatech.com.pt,https://tugatech.com.pt/t3606-hdd-low-level-format-tool,3,488,75,383,0.785
tugatech.com.pt,https://tugatech.com.pt/t2585-photoshop-como-usar-o-liquify,3,479,72,380,0.793
tugatech.com.pt,https://tugatech.com.pt/t17014-d-a-m-a-estreiam-se-no-meo-kanal,3,1330,383,917,0.689
viajarentreviagens.pt,https://viajarentreviagens.pt/,3,1082,219,786,0.726
viajarentreviagens.pt,https://viajarentreviagens.pt/peru/colca-canyon/,6,1891,197.0,786,0.416
viajarentreviagens.pt,https://viajarentreviagens.pt/suica/seguindo-mileva-einstein-em-zurique/,15,2823,55,786,0.278
viajarentreviagens.pt,https://viajarentreviagens.pt/uzbequistao/visitar-khiva/,22,4494,170.0,786,0.175
viajarentreviagens.pt,https://viajarentreviagens.pt/gronelandia/ilulissat-um-mundo-que-e-de-outro-planeta/,10,2940,239.5,786,0.267
vidadecao.pt,https://vidadecao.pt/,2,135,67.5,127,0.941
vidadecao.pt,https://vidadecao.pt/post/141831350924/clube-recreativo,1,39,39,39,1.0
vidadecao.pt,https://vidadecao.pt/post/119375171094/rafeira-viralata,1,30,30,30,1.0
vidadecao.pt,https://vidadecao.pt/post/131989157549/praiagrande,1,41,41,41,1.0
vidadecao.pt,https://vidadecao.pt/post/132031201494/vida-de-c%C3%A3o-na-praia-grande-sintra,1,31,31,31,1.0
zwame.pt,https://forum.zwame.pt/,48,741,14.0,67,0.09
zwame.pt,https://forum.zwame.pt/threads/jv16-powertools-1-1-0-148-rc1b.7249/,6,117,10.0,73,0.624
zwame.pt,https://forum.zwame.pt/threads/verdadeiro-aspirador.708/,12,174,6.0,71,0.408
zwame.pt,https://forum.zwame.pt/threads/oh-my-god-400-mil-vendidas.1307/,6,161,9.5,71,0.441
zwame.pt,https://forum.zwame.pt/threads/kazaa-ruled-perfectly-legal.34/,11,146,6,73,0.5
amazon.com,https://www.amazon.com/,7,279,40,114,0.409
anthropic.com,https://www.anthropic.com/,20,743,22.0,310,0.417
anthropic.com,https://www.anthropic.com/news/fable-mythos-access,14,1024,22.5,761,0.743
anthropic.com,https://www.anthropic.com/news/claude-2-1,14,1116,22.5,853,0.764
anthropic.com,https://www.anthropic.com/research/many-shot-jailbreaking,21,1610,30,242,0.15
anthropic.com,https://www.anthropic.com/research/training-a-helpful-and-harmless-assistant-with-reinforcement-learning-from-human-feedback,15,480,23,149,0.31
apple.com,https://www.apple.com/,23,1214,12,668,0.55
arstechnica.com,https://arstechnica.com/,42,656,13.0,81,0.123
arstechnica.com,https://arstechnica.com/gaming/2009/09/standing-up-to-expectation-the-first-hours-of-uncharted-2/,4,1001,289.0,389,0.389
arstechnica.com,https://arstechnica.com/information-technology/2008/02/microsoft-pulls-vista-sp1-prerequisite-update/,3,457,142,281,0.615
arstechnica.com,https://arstechnica.com/tag/hydrotec/,2,172,86.0,138,0.802
arstechnica.com,https://arstechnica.com/tag/idc/,32,567,14.0,86,0.152
bbc.com,https://www.bbc.com/,54,1389,18.0,313,0.225
bbc.com,https://www.bbc.com/afrique/region/2014/09/140922_women_independance,6,820,150.5,227,0.277
bbc.com,https://www.bbc.com/afrique/nos_emissions/2014/09/140919_click_19_09_2014,2,88,44.0,64,0.727
bbc.com,https://www.bbc.com/afrique/monde/2014/09/140918_oui,6,879,150.5,286,0.325
bbc.com,https://www.bbc.com/afrique/monde/2014/09/140923_irak-raids-us,6,747,149.5,191,0.256
cloudflare.com,https://www.cloudflare.com/,46,497,4.0,47,0.095
cloudflare.com,https://www.cloudflare.com/learning/cloud/how-to-refactor-applications/,22,1911,56.0,237,0.124
cloudflare.com,https://www.cloudflare.com/learning/email-security/how-to-identify-phishing-email/,5,172,29,67,0.39
cloudflare.com,https://www.cloudflare.com/products/cdn/,5,158,22,68,0.43
cloudflare.com,https://www.cloudflare.com/learning/cloud/what-is-the-cloud/,12,1628,87.5,398,0.244
djangoproject.com,https://www.djangoproject.com/,16,436,16.0,143,0.328
djangoproject.com,https://www.djangoproject.com/weblog/2019/feb/11/security-releases/,38,1650,24.0,500,0.303
djangoproject.com,https://www.djangoproject.com/weblog/2026/aug/25/pycharm-django-fall-fundraiser/,37,1801,24,500,0.278
djangoproject.com,https://www.djangoproject.com/weblog/2014/jul/27/17rc2/,35,1719,24,500,0.291
djangoproject.com,https://www.djangoproject.com/weblog/2018/may/01/bugfix-releases/,34,1360,24.0,500,0.368
figma.com,https://www.figma.com/,22,800,17.0,201,0.251
figma.com,https://www.figma.com/ko-kr/solutions/ai-code-generator/,24,853,26.0,190,0.223
figma.com,https://www.figma.com/pt-br/modelos/canvas-de-negocio/,26,1284,31.0,245,0.191
figma.com,https://www.figma.com/ko-kr/blog/introducing-three-new-tools-for-precise-image-editing-in-figma/,20,1012,28.5,170,0.168
figma.com,https://www.figma.com/ko-kr/organization/,41,1182,17,190,0.161
github.com,https://github.com/,24,1160,15.0,572,0.493
google.com,https://www.google.com/,1,8,8,8,1.0
google.com,https://www.google.com/intl/bg/partners/become-a-partner/,1,7,7,7,1.0
google.com,https://www.google.com/intl/ar/nonprofits/success-stories/water-aid/,11,611,42,155,0.254
google.com,https://www.google.com/intl/vi/nonprofits/eligibility/,8,608,63.5,200,0.329
google.com,https://www.google.com/intl/vi/nonprofits/success-stories/witness/,11,1307,83,344,0.263
hbr.org,https://hbr.org/,27,462,11,81,0.175
linear.app,https://linear.app/,16,425,14.5,99,0.233
linear.app,https://linear.app/docs/security,8,572,67.5,204,0.357
linear.app,https://linear.app/changelog/2019-10-14-improved-comments,11,436,10,202,0.463
linear.app,https://linear.app/changelog/2026-02-26-deeplink-to-ai-coding-tools,9,622,8,378,0.608
linear.app,https://linear.app/careers,11,629,10,217,0.345
microsoft.com,https://www.microsoft.com/pt-pt,8,151,17.5,27,0.179
mozilla.org,https://www.mozilla.org/,10,318,11.0,109,0.343
netlify.com,https://www.netlify.com/,33,792,14,140,0.177
netlify.com,https://www.netlify.com/events/knicks-nyc-2025/,24,648,11.0,140,0.216
netlify.com,https://www.netlify.com/blog/deploy-nextjs-12-2/,34,981,10.0,196,0.2
netlify.com,https://www.netlify.com/blog/the-gtm-agent-we-wished-existed-so-we-built-it-on-netlify/,33,1941,10,551,0.284
netlify.com,https://www.netlify.com/resources/ebooks/accelerate-digital-growth-with-netlify/thank-you/,19,349,10,140,0.401
nodejs.org,https://nodejs.org/en,1,128,128,128,1.0
nodejs.org,https://nodejs.org/en/blog/vulnerability/march-2018-security-releases,16,1931,91.5,313,0.162
notion.so,https://www.notion.com/,3,264,93,150,0.568
notion.so,https://www.notion.com/ja/customers/jpsmartnews,10,137,2.5,70,0.511
notion.so,https://www.notion.com/fr/help/guides/accomplish-more-with-connected-project-management,13,4147,234,728,0.176
notion.so,https://www.notion.com/fr/help/organization-level-controls,16,2721,116.0,518,0.19
notion.so,https://www.notion.com/zh-tw/releases/2026-03-26,13,754,62,191,0.253
nytimes.com,https://www.nytimes.com/,9,679,37,410,0.604
nytimes.com,https://www.nytimes.com/athletic/7549462/2026/08/30/mens-us-open-stream-how-to-watch-august-30/,4,393,29.5,318,0.809
nytimes.com,https://www.nytimes.com/athletic/7542712/2026/08/28/oilers-ice-time-connor-mcdavid-leon-draisaitl/,9,1283,129,391,0.305
openai.com,https://openai.com/,6,246,25.0,134,0.545
openai.com,https://openai.com/index/introducing-data-residency-in-asia/,6,689,121.5,210,0.305
openai.com,https://openai.com/index/new-and-improved-content-moderation-tooling/,3,549,146,378,0.689
openai.com,https://openai.com/index/election-safeguards-2026/,3,1572,149,1398,0.889
openai.com,https://openai.com/index/helping-disaster-response-teams-asia/,5,1054,190,486,0.461
python.org,https://www.python.org/,15,1486,35,696,0.468
react.dev,https://react.dev/,39,709,3,92,0.13
shopify.com,https://www.shopify.com/,24,1336,16.5,459,0.344
shopify.com,https://www.shopify.com/pt/blog/jornada-do-cliente-b2b,41,4358,53,638,0.146
shopify.com,https://www.shopify.com/pt/blog/o-que-e-ecommerce-internacional,29,3038,68,638,0.21
shopify.com,https://www.shopify.com/pt/blog/fornecedores-de-roupa-para-dropshipping,46,3385,61.0,640,0.189
shopify.com,https://www.shopify.com/pt/blog/como-comercializar-o-seu-negocio-nas-redes-sociais,41,4699,109,638,0.136
stripe.com,https://stripe.com/pt-pt,42,1258,19.0,351,0.279
stripe.com,https://stripe.com/pt-pt/resources/more/how-to-pay-sales-tax-in-united-states,26,3430,51.0,651,0.19
stripe.com,https://stripe.com/pt-pt/resources/more/how-debt-collection-invoices-work-in-the-netherlands,28,3008,51.0,420,0.14
stripe.com,https://stripe.com/pt-pt/resources/more/what-are-emv-chip-cards,31,3544,70,446,0.126
stripe.com,https://stripe.com/pt-pt/customers/livex-ai,29,2479,38,505,0.204
substack.com,https://substack.com/,3,222,64,107,0.482
substack.com,https://allseeingeyes68.substack.com/,1,2,2,2,1.0
substack.com,https://14north.substack.com/,1,32,32,32,1.0
substack.com,https://applerose1.substack.com/,1,6,6,6,1.0
substack.com,https://alishabeotra.substack.com/,1,17,17,17,1.0
techcrunch.com,https://techcrunch.com/,96,1296,2.0,260,0.201
techcrunch.com,https://techcrunch.com/2008/07/28/tiny-simple-very-portable-320gb-hard-drive-from-freecom/,12,408,13.5,131,0.321
techcrunch.com,https://techcrunch.com/tag/antisocial/,13,322,14,84,0.261
techcrunch.com,https://techcrunch.com/tag/rafael-atijas/,13,319,14,84,0.263
techcrunch.com,https://techcrunch.com/tag/micro-bit/,13,323,14,84,0.26
theguardian.com,https://www.theguardian.com/europe,62,3660,45.5,373,0.102
theguardian.com,https://www.theguardian.com/football/2026/aug/27/dario-vidosic-to-step-down-as-brighton-manager-just-before-new-wsl-season,3,1060,278,721,0.68
theguardian.com,https://www.theguardian.com/world/2026/aug/30/nepal-tibet-floods-china-search-rescue-operations-looking-for-survivors,3,1047,283,698,0.667
theguardian.com,https://www.theguardian.com/business/2026/aug/29/if-its-made-in-the-us-i-dont-buy-it-canadians-on-boycotting-trumps-america,4,2171,221.5,1662,0.766
theguardian.com,https://www.theguardian.com/lifeandstyle/2026/aug/30/sex-doll-market-booming-ai-vaginas-customisable-personalities-fake-bruises,3,2051,287,1694,0.826
theverge.com,https://www.theverge.com/,7,2433,75,1872,0.769
theverge.com,https://www.theverge.com/ai-artificial-intelligence/985947/anthropic-supply-chain-risk-lawsuit-judge-ruling,7,1351,65,754,0.558
theverge.com,https://www.theverge.com/games/983941/grand-theft-auto-vi-gta-netflix-extended-look,7,1540,65,943,0.612
theverge.com,https://www.theverge.com/gadgets/985650/speedo-iq-vanquisher-goggles-module,7,1025,65,425,0.415
theverge.com,https://www.theverge.com/games/986197/nvidia-dlss-5-leak-ai,7,1454,65,857,0.589
vercel.com,https://vercel.com/,29,374,11,62,0.166
vercel.com,https://vercel.com/blog/introducing-vercel-connect,35,2111,12,273,0.129
vercel.com,https://vercel.com/ai-gateway/models/grok-4.20-multi-agent,36,993,12.0,208,0.209
vercel.com,https://vercel.com/docs/rest-api/sdk/checks/retrieve-a-list-of-all-checks,22,321,12.0,90,0.28
vercel.com,https://vercel.com/kb/guide/how-do-i-remove-a-domain-from-my-vercel-account,28,486,12.0,71,0.146
wikipedia.org,https://www.wikipedia.org/,6,608,107.0,175,0.288
wired.com,https://www.wired.com/,10,572,24.0,178,0.311
wired.com,https://www.wired.com/story/best-marvel-movies-ranked/,3,4477,195,4270,0.954
wired.com,https://www.wired.com/story/twitter-users-mastodon-meltdown/,3,1317,192,1113,0.845
wired.com,https://www.wired.com/story/how-to-join-use-hive-social-tips/,4,914,118.0,666,0.729
wired.com,https://www.wired.com/story/best-cyber-monday-sex-toy-deals-2023/,5,2236,154,1786,0.799
